recency,frequency,monetary,avg_spend_per_purchase,customer_value_score,recency_frequency_ratio,monetary_log,Numeric_Mean,recency_x_frequency,KMeans_Cluster
5,22,5892.58,256.1991304347826,129636.76,0.217391304347826,8.68161890185124,19403.062591520134,110,0
13,77,9025.47,115.71115384615383,694961.19,0.1666666666666666,9.107916650823856,100600.23510530908,1001,1
13,71,618.83,8.594861111111111,43936.93,0.1805555555555555,6.4294452468928265,6379.280694559079,923,2
3,33,9110.3,267.95,300639.9,0.088235294117647,9.117270680402587,44294.76507228207,99,0
15,43,5390.88,122.52,231807.84,0.3409090909090909,8.592649397151614,33912.59622264115,645,0
3,77,3512.55,45.03269230769231,270466.35000000003,0.0384615384615384,8.16438220135496,39158.876505149645,231,2
4,87,7270.9,82.62386363636364,632568.2999999999,0.0454545454545454,8.891772884387626,91431.68015586658,348,1
1,21,4935.49,224.3404545454545,103645.29,0.0454545454545454,8.504409831322723,15547.952902703177,21,0
17,34,9803.57,280.102,333321.38,0.4857142857142857,9.19060388249285,49066.53261688117,578,0
15,33,4283.84,125.99529411764706,141366.72,0.4411764705882353,8.362838490778149,20833.33704415415,495,0
4,10,3333.69,303.0627272727273,33336.9,0.3636363636363636,8.11213500050604,5285.161214090981,40,0
1,60,8234.55,134.99262295081965,494073.0,0.0163934426229508,9.01621542848109,71787.51074740312,60,1
17,64,6855.03,105.462,438721.92,0.2615384615384615,8.83288383599733,63681.7866317568,1088,1
9,63,8076.45,126.19453125,508816.35,0.140625,8.99683150764545,73871.44742682252,567,1
3,29,4281.83,142.72766666666666,124173.07,0.1,8.36236928502282,18376.87000513596,87,0
11,88,5844.46,65.66808988764045,514312.48,0.1235955056179775,8.673420570552876,74332.91501513768,968,1
5,72,8984.59,123.07657534246576,646890.48,0.0684931506849315,9.103377462059026,93726.331206565,360,1
12,78,5084.93,64.36620253164557,396624.54,0.1518987341772152,8.534233182615624,57410.36033349263,936,1
9,24,6246.33,249.8532,149911.91999999998,0.36,8.739909451454531,22350.02901563592,216,0
6,60,8346.59,136.82934426229508,500795.4,0.0983606557377049,9.029728153430847,72764.84963329592,360,1
9,74,5689.51,75.86013333333334,421023.74,0.12,8.646555154035223,60982.982384069626,666,1
3,80,1000.6,12.353086419753089,80048.0,0.037037037037037,6.909354000345834,11592.985639636736,240,2
17,63,7134.0,111.46875,449442.0,0.265625,8.872767529910936,65253.80102036142,1071,1
18,66,5100.62,76.12865671641791,336640.92,0.2686567164179104,8.537313415332095,48844.35351812116,1188,1
4,91,4839.85,52.60706521739131,440426.35,0.0434782608695652,8.484845604126031,63631.76219844033,364,1
5,12,2515.01,193.4623076923077,30180.120000000003,0.3846153846153846,7.830429592375231,4701.972478952758,60,0
11,96,7249.29,74.73494845360824,695931.84,0.1134020618556701,8.888796747048742,100481.6953067518,1056,1
18,49,1216.6,24.332,59613.4,0.36,7.104636987107422,8704.113805283874,882,2
19,59,9905.49,165.0915,584423.91,0.3166666666666666,9.200945376895556,84940.28701600622,1121,1
5,76,8469.2,109.9896103896104,643659.2000000001,0.0649350649350649,9.044309400118207,93189.78555069354,380,1
18,73,4303.07,58.14959459459459,314124.11,0.2432432432432432,8.367316365649884,45512.13430774336,1314,1
14,26,2936.0,108.74074074074076,76336.0,0.5185185185185185,7.98514393119862,11347.034914741496,364,0
17,31,5065.76,158.305,157038.56,0.53125,8.530456839049224,23188.526672405576,527,0
9,34,8806.23,251.6065714285714,299411.82,0.2571428571428571,9.083328254054326,44074.57100607711,306,0
14,88,2822.56,31.714157303370783,248385.28,0.1573033707865168,7.945753779108465,35907.09388777904,1232,2
12,21,5055.32,229.78727272727272,106161.72,0.5454545454545454,8.528394224963135,15926.98587449967,252,0
3,50,2422.04,47.490980392156864,121102.0,0.0588235294117647,7.792778229140849,17661.768940307244,150,2
7,65,1983.58,30.054242424242425,128932.7,0.106060606060606,7.593162583831861,18718.00478080202,455,2
3,35,9906.34,275.17611111111114,346721.9,0.0833333333333333,9.201031175552409,50992.95721080286,105,0
12,31,5757.82,179.931875,178492.41999999998,0.375,8.658487871591921,26354.600766124506,372,0
15,85,7354.87,85.5217441860465,625163.95,0.1744186046511628,8.90325391291987,90387.63134524338,1275,1
9,38,1072.67,27.504358974358976,40761.46000000001,0.2307692307692307,6.978837965284162,5987.977709452915,342,2
8,62,8937.13,141.85920634920635,554102.0599999999,0.1269841269841269,9.098081674028483,80465.75346745003,496,1
10,43,935.94,21.27136363636364,40245.420000000006,0.2272727272727272,6.842619246036601,5894.67160794424,430,2
12,49,1738.28,34.7656,85175.72,0.24,7.461226513469136,12431.066689501924,588,2
5,87,6291.63,71.49579545454546,547371.81,0.0568181818181818,8.747134386311362,79119.39139257467,435,1
11,21,6265.61,284.80045454545456,131577.81,0.5,8.742990817555855,19738.494777909003,231,0
3,44,8398.45,186.63222222222225,369531.8000000001,0.0666666666666666,9.035921506497267,54024.71211577079,132,0
8,66,1505.67,22.472686567164185,99374.22,0.1194029850746268,7.317657196545101,14426.257106678398,528,2
1,46,2667.8,56.761702127659575,122718.8,0.0212765957446808,7.889384212164428,17928.32462327651,46,2
5,31,4331.87,135.3709375,134287.97,0.15625,8.373985418981961,19828.53445327414,155,0
9,70,791.16,11.143098591549297,55381.2,0.1267605633802817,6.674763391613113,8038.47208893522,630,2
13,57,2342.26,40.38379310344828,133508.82,0.2241379310344827,7.759298401194572,19424.20674706224,741,2
7,22,4862.91,211.4308695652174,106984.02,0.3043478260869565,8.489597920185341,16013.736402187356,154,0
3,70,2590.08,36.48,181305.6,0.0422535211267605,7.8598300561950625,26287.580297653905,210,2
13,44,3310.3,73.56222222222223,145653.2,0.2888888888888888,8.105096140510025,21300.350886750235,572,2
9,41,9750.39,232.15214285714285,399765.99,0.2142857142857142,9.18516511793316,58543.99022766991,369,0
9,38,4553.63,116.7597435897436,173037.94,0.2307692307692307,8.423899576976549,25394.854916056785,342,0
14,49,2348.58,46.9716,115080.42,0.28,7.761991867761019,16792.430513123967,686,2
1,40,2987.49,72.86560975609756,119499.6,0.024390243902439,8.002523522098429,17515.568931931728,40,2
1,39,7785.7,194.6425,303642.3,0.025,8.960172429086809,44524.51823891845,39,0
16,44,2806.16,62.35911111111111,123471.04,0.3555555555555555,7.939928575093676,18058.264942177397,704,2
18,49,3867.77,77.3554,189520.73,0.36,8.260691906047978,27648.78229884372,882,2
16,53,2398.88,44.42370370370371,127140.64,0.2962962962962963,7.783174015085995,18523.003310573586,848,2
1,54,3598.89,65.43436363636363,194340.06,0.0181818181818181,8.188658568421815,28295.370172003284,54,2
5,29,3675.02,122.50066666666666,106575.58,0.1666666666666666,8.209585924157187,15773.639559893929,145,0
19,36,1097.96,29.674594594594595,39526.56,0.5135135135135135,7.002119557016949,5816.672889666445,684,2
5,42,3056.04,71.07069767441861,128353.68,0.1162790697674418,8.025202406528816,18790.84745416439,210,2
11,32,3782.15,114.61060606060606,121028.8,0.3333333333333333,8.238312274917526,17853.876035952693,352,0
2,90,9450.29,103.84934065934068,850526.1000000001,0.0219780219780219,9.153906519107936,122883.05931788578,180,1
2,81,7310.95,89.15792682926829,592186.95,0.024390243902439,8.897265275036208,85668.42565462117,162,1
15,69,5215.71,74.51014285714285,359883.99,0.2142857142857142,8.559622213974954,52180.99772154078,1035,1
4,34,1319.48,37.69942857142857,44862.32,0.1142857142857142,7.185750585844374,6609.257066410222,136,2
6,66,1270.54,18.963283582089552,83855.64,0.0895522388059701,7.147984043274156,12174.91154569488,396,2
4,90,2412.82,26.514505494505496,217153.8,0.0439560439560439,7.788965833840083,31384.99534676747,360,2
16,48,1504.49,30.70387755102041,72215.52,0.3265306122448979,7.316873705588204,10546.05104026698,768,2
14,87,3681.83,41.83897727272727,320319.21,0.1590909090909091,8.2114367573564,46307.46421499132,1218,2
9,43,3878.23,88.14159090909091,166763.89,0.2045454545454545,8.263391959314548,24398.67564690328,387,2
12,82,2714.84,32.708915662650604,222616.88,0.144578313253012,7.906856576781312,32209.4971929361,984,2
9,68,4777.05,69.23260869565217,324839.4,0.1304347826086956,8.471787792460553,47110.18354732439,612,1
9,20,8132.66,387.2695238095238,162653.2,0.4285714285714285,9.00376628574106,24458.794551646268,180,0
19,47,8174.61,170.304375,384206.67,0.3958333333333333,9.008910610718692,56089.56987413485,893,0
6,30,7528.4,242.8516129032258,225852.0,0.1935483870967742,8.926570636344318,33381.19596170381,180,0
7,69,2949.55,42.136428571428574,203518.95,0.1,7.989746872633928,29513.53231077773,483,2
6,85,5000.22,58.14209302325582,425018.7,0.0697674418604651,8.51743716165308,61453.80704251811,510,1
12,31,1943.49,60.7340625,60248.19,0.375,7.57275501087237,8900.48025964441,372,2
16,45,1965.16,42.72086956521739,88432.2,0.3478260869565217,7.58383768091549,12929.858933333297,720,2
13,80,4414.83,54.50407407407408,353186.4,0.1604938271604938,8.392951090839116,51108.18393128458,1040,1
5,34,7412.06,211.7731428571429,252010.04,0.1428571428571428,8.910998588513078,37097.41814265551,170,0
19,84,8878.16,104.44894117647058,745765.44,0.2235294117647059,9.09146223691727,107837.19484754645,1596,1
18,38,8326.0,213.48717948717947,316388.0,0.4615384615384615,9.02725852623582,46427.567996639285,684,0
13,65,5727.35,86.7780303030303,372277.75,0.1969696969696969,8.653182810125703,54025.53259754431,845,1
1,18,6130.7,322.6684210526316,110352.6,0.0526315789473684,8.721227315115842,16690.534611420957,18,0
4,19,5357.93,267.8965,101800.67,0.2,8.58651960727108,15351.183288515324,76,0
9,99,631.26,6.3126,62494.74,0.09,6.449300701953266,9035.264557243136,891,2
11,59,7748.78,129.14633333333333,457178.02,0.1833333333333333,8.955419734847696,66447.86929805735,649,1
7,26,4128.77,152.9174074074074,107348.02000000002,0.2592592592592592,8.32597699433169,15953.041806237288,182,0
19,94,2553.6,26.88,240038.4,0.2,7.845650934608677,34677.13223584781,1786,2
16,66,2009.52,29.99283582089552,132628.32,0.2388059701492537,7.606148674062036,19251.096827209305,1056,2
5,15,2230.31,139.394375,33454.65,0.3125,7.710344135922702,5121.768174162275,75,0
12,45,3457.27,75.15804347826086,155577.15,0.2608695652173913,8.148523743010088,22739.283919540925,540,2
13,71,9626.57,133.70236111111112,683486.47,0.1805555555555555,9.172386136501377,99048.58504325758,923,1
1,18,3588.83,188.8857894736842,64598.94,0.0526315789473684,8.185860126600653,9771.98489731132,18,0
6,94,8952.31,94.23484210526316,841517.1399999999,0.0631578947368421,9.09977857529999,121524.69253979648,564,1
7,62,1892.31,30.036666666666665,117323.22,0.1111111111111111,7.5460818990274845,17046.03197995383,434,2
14,57,7661.09,132.08775862068967,436682.13,0.2413793103448276,8.944040071471951,63507.927596857495,798,1
15,79,8121.88,101.5235,641628.52,0.1875,9.002440050074666,92850.73049143574,1185,1
4,50,9509.81,186.46686274509804,475490.5,0.0784313725490196,9.160184325413956,69321.43078263472,200,1
6,70,9345.08,131.62084507042255,654155.6,0.0845070422535211,9.14271228303542,94816.78972348513,420,1
2,22,7761.15,337.4413043478261,170745.3,0.0869565217391304,8.957014636658386,25553.847896500887,44,0
2,9,3652.73,365.273,32874.57,0.2,8.203503842582215,5273.139500548939,18,0
1,73,9097.88,122.94432432432431,664145.24,0.0135135135135135,9.11590660800728,96207.027677778,73,1
16,34,3032.95,86.65571428571428,103120.3,0.4571428571428571,8.017620679878155,15185.482925403248,544,2
11,70,4152.02,58.47915492957747,290641.4,0.1549295774647887,8.331591059414968,42134.48366793808,770,2
13,97,1057.44,10.790204081632654,102571.68,0.1326530612244898,6.964551404981548,14822.429629792548,1261,2
6,38,8230.25,211.03205128205127,312749.5,0.1538461538461538,9.01569316549159,45891.99308437163,228,0
14,93,1584.42,16.855531914893618,147351.06,0.1489361702127659,7.368604635436391,21295.264724674365,1302,2
9,81,7565.49,92.26207317073172,612804.69,0.1097560975609756,8.931484566511195,88651.64047340497,729,1
18,54,7218.86,131.25199999999998,389818.44,0.3272727272727272,8.884590841117154,56749.96626622406,972,1
14,30,5639.75,181.92741935483872,169192.5,0.4516129032258064,8.637772314374622,25009.609543510345,420,0
4,83,5887.98,70.095,488702.34,0.0476190476190476,8.680838086776467,70679.44906530491,332,1
1,94,1003.58,10.564,94336.52,0.0105263157894736,6.912324822696507,13636.083835876929,94,2
15,75,3877.07,51.014078947368425,290780.25,0.1973684210526315,8.263092886181205,42115.25636289352,1125,2
7,42,8689.05,202.0709302325581,364940.1,0.1627906976744186,9.069933971982817,53412.77909355745,294,0
16,40,3199.68,78.04097560975609,127987.2,0.3902439024390244,8.07111856621289,18761.3403340112,640,2
6,97,5808.29,59.26826530612245,563404.13,0.0612244897959183,8.667213639280444,81340.48810049075,582,1
1,33,4323.06,127.14882352941176,142660.98,0.0294117647058823,8.37195005470353,21021.94145504984,33,0
8,29,8774.99,292.49966666666666,254474.71,0.2666666666666666,9.079774862483132,37655.50658688512,232,0
8,15,2613.78,163.36125,39206.7,0.5,7.868935242940775,6002.172883606135,120,0
18,96,880.14,9.07360824742268,84493.44,0.1855670103092783,6.781216523640442,12214.802913111624,1728,2
1,99,7511.69,75.1169,743657.3099999999,0.01,8.92434886970501,107336.15017840995,99,1
16,63,4187.68,65.4325,263823.84,0.25,8.340140927482459,38309.22037727536,1008,2
12,62,5932.07,94.15984126984128,367788.34,0.1904761904761904,8.688297064604685,53413.921230646425,744,1
7,82,6276.29,75.61795180722892,514655.78,0.0843373493975903,8.744693637664536,74443.64528325634,574,1
4,35,3841.97,106.72138888888888,134468.94999999998,0.1111111111111111,8.254000784133124,19780.715214397733,140,2
18,84,6845.17,80.53141176470588,574994.28,0.2117647058823529,8.831444650800519,83147.28923158876,1512,1
1,69,1693.78,24.19685714285714,116870.82,0.0142857142857142,7.435308217880319,16952.320921582148,69,2
12,76,4659.91,60.51831168831168,354153.16,0.1558441558441558,8.446965987025193,51281.4558745473,912,1
19,84,6235.74,73.36164705882352,523802.16,0.2235294117647059,8.738212888948855,75746.1747699085,1596,1
10,91,2785.04,30.27217391304348,253438.64,0.108695652173913,7.932376511738478,36623.28474943956,910,2
7,73,1078.57,14.57527027027027,78735.61,0.0945945945945946,6.984318092688098,11416.547740422508,511,2
5,79,4088.79,51.109875,323014.41,0.0625,8.316248902975385,46749.52694627185,395,2
12,36,5629.38,152.1454054054054,202657.68,0.3243243243243243,8.635932214415517,29785.16652313488,432,0
1,82,5634.56,67.88626506024097,462033.92,0.0120481927710843,8.63685180041811,66832.57359500763,82,1
12,88,5160.91,57.98775280898876,454160.08,0.1348314606741573,8.549061945023892,65641.09452088781,1056,1
19,82,7959.69,95.89987951807228,652694.58,0.2289156626506024,8.982270958498724,94408.6258665913,1558,1
9,97,4293.14,43.80755102040817,416434.58,0.0918367346938775,8.365006581540216,60126.56919919095,873,1
3,50,5579.16,109.39529411764704,278958.0,0.0588235294117647,8.626972728799396,40672.605870053696,150,0
7,67,8981.74,132.0844117647059,601776.58,0.1029411764705882,9.103060237250276,87281.94434473978,469,1
12,69,6056.17,86.51671428571429,417875.73,0.1714285714285714,8.70899797328677,60586.8995915472,828,1
2,42,6976.65,162.24767441860465,293019.3,0.0465116279069767,8.85046746285049,42887.299236215615,84,0
2,60,3836.56,62.8944262295082,230193.6,0.0327868852459016,8.252592026952378,33451.905686448816,120,2
11,61,6735.37,108.635,410857.57,0.1774193548387097,8.815276483154728,59683.22395654828,671,1
14,82,4769.47,57.46349397590362,391096.54,0.1686746987951807,8.470200111523138,56575.44462411232,1148,1
15,78,7053.16,89.28050632911392,550146.48,0.189873417721519,8.861372792704907,79627.28167893422,1170,1
1,96,7270.88,74.95752577319588,698004.48,0.0103092783505154,8.891770134070995,100779.45994359796,96,1
8,46,6655.52,141.6068085106383,306153.92000000004,0.1702127659574468,8.803352104449445,44716.28862476873,368,0
4,26,8528.1,315.85555555555555,221730.6,0.1481481481481481,9.051239124954328,32944.82213468981,104,0
15,52,2432.12,45.88905660377358,126470.24,0.2830188679245283,7.796929663392149,18431.904143590727,780,2
1,29,7606.02,253.534,220574.58,0.0333333333333333,8.9368267841512,32639.014880016784,29,0
9,83,6374.87,75.89130952380953,529114.21,0.1071428571428571,8.760275831303598,76523.69124688747,747,1
4,96,9555.75,98.51288659793816,917352.0,0.0412371134020618,9.165002990087576,132445.0670181002,384,1
12,24,2676.44,107.0576,64234.56,0.48,7.892616393107234,9580.347173770442,288,0
2,11,1627.35,135.61249999999998,17900.85,0.1666666666666666,7.395322511170926,2812.053498453977,22,2
7,14,3190.0,212.66666666666663,44660.0,0.4666666666666667,8.068089626278244,6870.31448899423,98,0
15,78,2653.79,33.592278481012656,206995.62,0.189873417721519,7.884120834502585,29969.153753247603,1170,2
11,84,7357.78,86.56211764705883,618053.52,0.1294117647058823,8.903649437113506,89371.69931126412,924,1
4,66,6729.88,100.44597014925374,444172.08,0.0597014925373134,8.814461171891608,64440.18287611625,264,1
18,53,5056.85,93.64537037037036,268013.05000000005,0.3333333333333333,8.528696770799653,39034.77248578208,954,0
11,32,2907.22,88.09757575757575,93031.04,0.3333333333333333,7.975296489161852,13725.38088651144,352,2
1,44,2932.86,65.17466666666667,129045.84,0.0222222222222222,7.984074241136377,18870.98299473286,44,2
7,96,3202.86,33.01917525773196,307474.56,0.0721649484536082,8.072111611852804,44403.08335025972,672,2
2,22,1989.42,86.49652173913044,43767.240000000005,0.0869565217391304,7.596100950725888,6553.548511315942,44,2
4,72,8598.14,117.7827397260274,619066.08,0.0547945205479452,9.059417477241263,89695.30242167483,288,1
18,46,4670.23,99.36659574468084,214830.58,0.3829787234042553,8.449177699281297,31381.858393166767,828,0
8,29,3735.79,124.52633333333333,108337.91,0.2666666666666666,8.225982233097826,16034.81699746187,232,0
15,83,9396.88,111.86761904761904,779941.0399999999,0.1785714285714285,9.148239410907054,112793.87348998386,1245,1
12,30,2301.5,74.24193548387096,69045.0,0.3870967741935484,7.741750768129462,10210.12439757517,360,2
14,62,5580.07,88.57253968253968,345964.34,0.2222222222222222,8.627135793264873,50245.40455681401,868,1
1,27,639.53,22.84035714285714,17267.309999999998,0.0357142857142857,6.462295958647399,2566.3111953410307,27,2
1,51,1992.9,38.325,101637.9,0.0192307692307692,7.597847798812854,14818.39172550972,51,2
18,47,6655.62,138.65875,312814.14,0.375,8.803367127201403,45668.94244530389,846,0
10,66,5851.86,87.34119402985074,386222.76,0.1492537313432835,8.674685709647553,56035.25501906726,660,1
6,52,8709.05,164.32169811320753,452870.6,0.1132075471698113,9.0722328103582,65973.02244835296,312,1
13,26,9934.71,367.9522222222222,258302.46,0.4814814814814814,9.203890616951826,38379.11537061723,338,0
4,40,4704.41,114.74170731707316,188176.4,0.0975609756097561,8.456468189561894,27578.300819497465,160,0
4,49,8355.95,167.11900000000003,409441.5500000001,0.08,9.030848806975282,59718.104264115296,196,1
3,46,1291.84,27.48595744680851,59424.64,0.0638297872340425,7.16459662788224,8685.742054837418,138,2
6,23,6864.38,286.0158333333333,157880.74,0.25,8.834246669911215,23581.31715428618,138,0
7,28,5231.54,180.39793103448275,146483.12,0.2413793103448276,8.562652098820319,21705.55170892052,196,0
9,76,1862.85,24.192857142857143,141576.6,0.1168831168831168,7.530399519904479,20508.04144853995,684,2
1,45,9732.04,211.56608695652176,437941.8000000001,0.0217391304347826,9.183281562147831,63991.51587252132,45,1
13,39,3450.53,86.26325,134570.67,0.325,8.146572889978854,19738.27640327,507,2
10,23,5116.22,213.1758333333333,117673.06,0.4166666666666667,8.540366601822642,17577.773266657405,230,0
7,70,1239.86,17.46281690140845,86790.2,0.0985915492957746,7.12355996659264,12590.24928120247,490,2
6,24,8205.52,328.2208,196932.48,0.24,9.012684239261567,29357.92478346275,144,0
5,71,3596.82,49.95583333333334,255374.22,0.0694444444444444,8.188083385465829,37015.036194451895,355,2
8,87,9832.36,111.73136363636364,855415.3200000001,0.0909090909090909,9.193535965520532,123637.67082981326,696,1
16,88,8849.87,99.43674157303371,778788.56,0.1797752808988764,9.088271038255092,112550.16211255603,1408,1
4,66,8549.15,127.59925373134328,564243.9,0.0597014925373134,9.053704105636564,81857.10895133279,264,1
8,56,3626.91,63.63,203106.96,0.1403508771929824,8.196412003871098,29552.83382326872,448,2
9,56,7595.58,133.25578947368422,425352.48,0.1578947368421052,8.935453424994037,61879.34416251936,504,1
15,32,5310.58,160.92666666666668,169938.56,0.4545454545454545,8.577644621765307,25066.58555096329,480,0
8,20,4760.25,226.67857142857144,95205.0,0.3809523809523809,8.468265517792814,14318.396827046758,160,0
3,26,7032.02,260.4451851851852,182832.52,0.1111111111111111,8.858371480040645,27166.136381110908,78,0
17,72,8598.93,117.79356164383562,619122.96,0.2328767123287671,9.05950934267359,89705.42513538555,1224,1
14,58,3218.74,54.55491525423729,186686.92,0.2372881355932203,8.077055889936759,27148.64703703997,812,2
2,56,5056.7,88.7140350877193,283175.2,0.0350877192982456,8.528667113489865,41198.16825570294,112,2
11,55,987.46,17.633214285714285,54310.3,0.1964285714285714,6.896148176440384,7912.640827290512,605,2
7,12,2686.07,206.62076923076924,32232.840000000004,0.5384615384615384,7.896206659634553,5021.8522053469815,84,0
19,37,4119.77,108.415,152431.49000000002,0.5,8.323795318085097,22389.214113616872,703,0
8,78,4598.42,58.207848101265824,358676.76,0.1012658227848101,8.433685487571037,51918.27468563023,624,1
4,64,9448.17,145.35646153846153,604682.88,0.0615384615384615,9.153682185942618,87764.80309745515,256,1
4,90,8837.6,97.11648351648353,795384.0,0.0439560439560439,9.086883772048948,114917.40676047608,360,1
6,10,894.05,81.27727272727272,8940.5,0.5454545454545454,6.7968795826362,1419.8813724079089,60,2
6,85,5125.59,59.59988372093024,435675.15,0.0697674418604651,8.54219599979336,62994.27883530895,510,1
2,5,1722.71,287.11833333333334,8613.55,0.3333333333333333,7.452234223617092,1519.7377001271834,10,0
19,60,3722.33,61.02180327868852,223339.8,0.3114754098360656,8.222373708139589,32458.66937891381,1140,2
1,40,7459.07,181.92853658536583,298362.8,0.024390243902439,8.9173200765318,43721.96289241512,40,0
13,81,4302.6,52.47073170731708,348510.60000000003,0.1585365853658536,8.367207160719754,50424.02806792192,1053,1
14,83,8088.82,96.2954761904762,671372.0599999999,0.1666666666666666,8.998361760114033,97094.76292923104,1162,1
3,79,7216.28,90.2035,570086.12,0.0375,8.884233429603869,82497.6464619185,237,1
19,88,9434.11,106.0012359550562,830201.68,0.2134831460674157,9.15219311645223,119979.73670174538,1672,1
17,53,5388.14,99.78037037037038,285571.42000000004,0.3148148148148148,8.59214109644185,41591.17818946881,901,0
4,49,8041.26,160.8252,394021.74,0.08,8.99246541720071,57469.413952202456,196,1
13,31,3296.78,103.024375,102200.18,0.40625,8.101004793799317,15093.213089970544,403,0
4,11,4065.05,338.75416666666666,44715.55,0.3333333333333333,8.310427291210567,7020.428275327316,44,0
10,33,4168.07,122.59029411764703,137546.31,0.2941176470588235,8.335448268337101,20269.79998000472,330,0
13,22,1122.21,48.791739130434784,24688.620000000003,0.5652173913043478,7.023945936365817,3700.315843208301,286,2
18,42,5239.08,121.83906976744186,220041.36,0.4186046511627907,8.564092044374119,32210.180252351853,756,0
12,98,1058.35,10.69040404040404,103718.3,0.1212121212121212,6.965410791470299,14986.346718136158,1176,2
1,98,712.26,7.194545454545454,69801.48,0.0101010101010101,6.569846010324803,10089.502070353568,98,2
14,52,4551.97,85.88622641509434,236702.44,0.2641509433962264,8.423535046250917,34487.85484462925,728,2
7,77,2918.47,37.416282051282046,224722.19,0.0897435897435897,7.97915737193865,32538.59216900185,539,2
5,64,1633.21,25.12630769230769,104525.44,0.0769230769230769,7.398914786133941,15180.036020793625,320,2
2,53,7859.98,145.55518518518517,416578.94,0.037037037037037,8.969666559584947,60664.06884125455,106,1
4,67,7177.83,105.55632352941176,480914.61,0.0588235294117647,8.878891696117805,69753.99057696499,268,1
10,90,1544.88,16.9767032967033,139039.2,0.1098901098901098,7.343348606471157,20101.21570600187,900,2
15,95,6364.38,66.295625,604616.1,0.15625,8.758629210701981,87309.38435774439,1425,1
19,52,7946.3,149.93018867924528,413207.6,0.3584905660377358,8.980587527322038,60197.7384666818,988,1
15,93,7755.99,82.51053191489362,721307.07,0.1595744680851064,8.95634965133186,104180.38377943344,1395,1
19,42,1013.57,23.57139534883721,42569.94,0.4418604651162791,6.922220156392659,6239.349353710049,798,2
10,18,6886.58,362.4515789473684,123958.44,0.5263157894736842,8.837475068638723,18749.262195686497,180,0
11,60,8635.45,141.56475409836068,518127.00000000006,0.180327868852459,9.063746897734308,75283.46554698072,660,1
18,61,5129.64,82.73612903225806,312908.04000000004,0.2903225806451613,8.542985686718673,45458.32134818567,1098,1
2,14,4664.83,310.9886666666667,65307.62,0.1333333333333333,8.448021018141395,10044.002860145449,28,0
18,98,9654.65,97.52171717171716,946155.7,0.1818181818181818,9.17529851522731,136576.17554769551,1764,1
16,62,5631.44,89.3879365079365,349149.28,0.2539682539682539,8.63629801978628,50708.14260039739,992,1
19,89,3373.11,37.479,300206.79000000004,0.2111111111111111,8.123886864826991,43390.53057113942,1691,2
19,31,8467.86,264.620625,262503.66000000003,0.59375,9.044151185907646,38756.539789455135,589,0
12,32,4603.55,139.50151515151515,147313.6,0.3636363636363636,8.434800224044803,21729.92142167703,384,0
7,33,8732.49,256.83794117647057,288172.17,0.2058823529411764,9.074920339851476,42458.68267769561,231,0
16,40,6153.7,150.09024390243903,246148.0,0.3902439024390244,8.72497129656959,36073.84363701449,640,0
13,25,8190.76,315.0292307692308,204769.0,0.5,9.010884049975129,30474.614302117032,325,0
14,85,6210.66,72.21697674418604,527906.1,0.1627906976744186,8.734183449995411,76328.1248501274,1190,1
6,44,9152.55,203.39,402712.2,0.1333333333333333,9.121897061167584,58875.34217577065,264,0
19,91,8154.46,88.6354347826087,742055.86,0.2065217391304347,9.006442920576495,107202.5954856346,1729,1
10,92,5036.53,54.156236559139785,463360.76,0.1075268817204301,8.524671161572194,66937.43977637177,920,1
9,88,5953.08,66.8885393258427,523871.04,0.1011235955056179,8.691831977830768,75713.82878498558,792,1
9,91,7339.8,79.7804347826087,667921.8,0.0978260869565217,8.901203107494997,96492.91135199672,819,1
9,74,8479.62,113.0616,627491.88,0.12,9.045538839320855,90882.38959126276,666,1
1,98,675.95,6.827777777777778,66243.1,0.0101010101010101,6.51759741494112,9575.915068028977,98,2
1,91,7770.56,84.46260869565218,707120.9600000001,0.0108695652173913,8.958226195410424,102153.85024349375,91,1
13,42,4530.28,105.35534883720928,190271.76,0.3023255813953488,8.418759739270723,27853.016633451127,546,0
19,32,6641.91,201.27,212541.12,0.5757575757575758,8.801305399477725,31349.23958042503,608,0
16,41,7669.87,182.6159523809524,314464.67,0.3809523809523809,8.945185316872664,46054.783155725534,656,0
13,96,5441.07,56.093505154639175,522342.72,0.134020618556701,8.60191478217851,75422.51706293647,1248,1
10,50,4154.32,81.45725490196078,207716.0,0.196078431372549,8.332144719967799,30288.61506829333,500,2
14,37,861.04,22.658947368421053,31858.48,0.3684210526315789,6.759301673299371,4685.758095727765,518,2
3,82,6924.08,83.42265060240963,567774.5599999999,0.036144578313253,8.842904883335382,82125.13452858057,246,1
1,95,9541.69,99.39260416666669,906460.55,0.0104166666666666,9.163530695345974,130886.6866502184,95,1
7,59,3958.89,65.9815,233574.51,0.1166666666666666,8.283971526084938,33953.397448313255,413,2
4,30,5884.49,189.8222580645161,176534.69999999998,0.1290322580645161,8.680245278760106,26093.11736222876,120,0
7,81,3111.59,37.94621951219512,252038.79,0.0853658536585365,8.043210456017563,36469.20782797456,567,2
2,85,5456.35,63.44593023255814,463789.75000000006,0.0232558139534883,8.604718602934145,67057.8819863785,170,1
2,9,3077.2,307.72,27694.8,0.2,8.032100289545854,4442.707442898507,18,0
6,37,7409.42,194.9847368421053,274148.54,0.1578947368421052,8.910642396845816,40257.8590391394,222,0
2,94,2667.48,28.078736842105265,250743.12,0.0210526315789473,7.8892643008986205,36220.36986482494,188,2
2,60,9643.8,158.0950819672131,578628.0,0.0327868852459016,9.174174188992122,84071.58600614879,120,1
4,16,6653.29,391.37,106452.64,0.2352941176470588,8.803017038436053,16218.048330165157,64,0
6,14,780.9,52.06,10932.6,0.4,6.6617268551304685,1684.6602466935904,84,2
2,81,9970.76,121.59463414634146,807631.56,0.024390243902439,9.207512376965136,116830.87807668104,162,1
4,51,2283.01,43.90403846153846,116433.51,0.0769230769230769,7.733687949050029,16974.747807069645,204,2
3,47,2163.3,45.06875,101675.1,0.0625,7.679852262520484,14848.74444318036,141,2
12,34,6554.93,187.2837142857143,222867.62,0.3428571428571428,8.788125262564497,32809.28067095588,408,0
2,93,5093.42,54.18531914893617,473688.06,0.0212765957446808,8.5359011020817,68419.88892812097,186,1
10,91,5620.74,61.095,511487.34,0.108695652173913,8.634396503509828,73896.98829887938,910,1
10,42,3246.94,75.51023255813953,136371.48,0.2325581395348837,8.085776228204539,19964.89265241798,420,2
10,73,2072.36,28.004864864864867,151282.28,0.1351351351351351,7.636925758718738,21924.77384653696,730,2
1,84,6600.39,77.65164705882353,554432.76,0.0117647058823529,8.79503551190078,80172.08692103952,84,1
5,28,3801.02,131.0696551724138,106428.56,0.1724137931034483,8.243287783423808,15771.723622392705,140,0
12,23,7872.16,328.00666666666666,181059.68,0.5,8.971214785599583,27043.473983064607,276,0
4,90,4212.41,46.29021978021978,379116.9,0.0439560439560439,8.346027575069721,54782.57002905704,360,1
13,89,5131.89,57.021,456738.21,0.1444444444444444,8.543424132367694,66005.40126693956,1157,1
3,85,7895.92,91.81302325581396,671153.2,0.0348837209302325,8.974228089016991,97033.9917335808,255,1
1,37,4533.99,119.31552631578948,167757.63,0.0263157894736842,8.41957815747514,24636.76877432325,37,0
5,25,9665.59,371.7534615384615,241639.75,0.1923076923076923,9.176430889234569,35959.49460001714,125,0
11,31,7950.98,248.468125,246480.38,0.34375,8.981176233242703,36390.16472160475,341,0
12,53,9543.81,176.7372222222222,505821.93,0.2222222222222222,9.163752830251932,73659.55188532495,636,1
10,57,3949.62,68.09689655172414,225128.34,0.1724137931034483,8.281627807603234,32745.93013402177,570,2
6,93,5842.79,62.15734042553191,543379.47,0.0638297872340425,8.673134837933357,78484.59347215008,558,1
2,69,6966.56,99.52228571428572,480692.64,0.0285714285714285,8.849020370729145,69691.22855393052,138,1
4,66,6767.24,101.00358208955224,446637.84,0.0597014925373134,8.81999636165024,64797.85189713483,264,1
11,70,9534.07,134.28267605633803,667384.9,0.1549295774647887,9.162731859381458,96734.79576249902,770,1
17,45,2954.65,64.23152173913044,132959.25,0.3695652173913043,7.991473871810243,19435.498937261185,765,2
2,86,2984.48,34.304367816091954,256665.28,0.0229885057471264,8.001515816919222,37111.4412674484,172,2
4,25,9188.24,353.39384615384614,229706.0,0.1538461538461538,9.125788513344595,34183.70192583158,100,0
5,31,2113.23,66.0384375,65510.13,0.15625,7.656445958998339,9676.17301906557,155,2
9,33,5743.46,168.92529411764707,189534.18,0.2647058823529412,8.655991191087002,27928.212284455865,297,0
6,86,7483.06,86.01218390804598,643543.16,0.0689655172413793,8.920530704464998,93030.46024001854,516,1
11,68,3595.06,52.10231884057971,244464.08,0.1594202898550724,8.187594080658098,35456.94133331587,748,2
1,58,4400.38,74.58271186440678,255222.04,0.0169491525423728,8.389673407096387,37109.20133348915,58,2
4,85,5796.43,67.40034883720931,492696.5500000001,0.0465116279069767,8.665169994886893,71236.87029006572,340,1
9,82,4724.37,56.92012048192771,387398.34,0.108433734939759,8.460701143740327,56039.885607908654,738,1
11,19,4402.86,220.143,83654.34,0.55,8.39023670805481,12616.611890958293,209,0
6,36,3442.06,93.02864864864864,123914.16,0.1621621621621621,8.144115889849475,18214.222132385807,216,2
9,59,6130.72,102.17866666666669,361712.48,0.15,8.721230576848702,52574.607128177646,531,1
14,86,7781.99,89.44816091954023,669251.14,0.160919540229885,8.959695862106964,96747.38553947456,1204,1
3,44,853.84,18.974222222222224,37568.96,0.0666666666666666,6.750914316921991,5499.37025760083,132,2
1,64,1664.79,25.612153846153845,106546.56,0.0153846153846153,7.418054764361598,15472.77079903227,64,2
13,99,6684.31,66.8431,661746.6900000001,0.13,8.807667860936565,95516.968681123,1287,1
8,98,7410.18,74.85030303030304,726197.64,0.0808080808080808,8.910744949876618,104828.2374080087,784,1
17,74,5923.2,78.976,438316.8,0.2266666666666666,8.686800935790117,63488.41278108606,1258,1
16,28,9829.75,338.9568965517241,275233.0,0.5517241379310345,9.193270507280587,40779.35027017099,448,0
18,88,5044.67,56.68168539325843,443930.96,0.2022471910112359,8.526285728727123,64163.862888330426,1584,1
1,64,1449.29,22.29676923076923,92754.56,0.0153846153846153,7.279518815417286,13471.205953237366,64,2
1,52,6894.28,130.08075471698112,358502.56,0.0188679245283018,8.83859239853993,52226.96831643429,52,1
12,60,6060.55,99.3532786885246,363633.0,0.1967213114754098,8.709720821935921,52839.11567440314,720,1
11,37,5945.17,156.45184210526315,219971.29,0.2894736842105263,8.690502593798515,32304.27025976904,407,0
7,49,5503.95,110.079,269693.55,0.14,8.613402966463399,39338.90462899521,343,0
19,98,9397.05,94.91969696969696,920910.9,0.1919191919191919,9.14825749992952,132932.74426766596,1862,1
2,12,1378.65,106.05,16543.800000000003,0.1538461538461538,7.229585122795044,2578.554775896664,24,2
6,73,824.65,11.14391891891892,60199.45,0.081081081081081,6.716170954908997,8731.577310136416,438,2
18,94,1625.76,17.113263157894735,152821.44,0.1894736842105263,7.394345585582264,22083.41386891824,1692,2
11,34,2525.4,72.15428571428572,85863.6,0.3142857142857143,7.834550643501378,12644.900446010295,374,2
13,48,5970.17,121.84020408163263,286568.16000000003,0.2653061224489796,8.694698167084594,41818.590029767314,624,0
18,95,2402.76,25.02875,228262.2,0.1875,7.784789457060743,32972.99443420816,1710,2
4,32,4943.33,149.79787878787877,158186.56,0.1212121212121212,8.505996744482822,23332.045012521936,128,0
9,88,4872.41,54.7461797752809,428772.08,0.1011235955056179,8.49154917638606,61972.11840750674,792,1
3,64,4585.8,70.55076923076923,293491.2,0.0461538461538461,8.430937892164149,42603.28969442415,192,2
11,44,8055.1,179.00222222222223,354424.4,0.2444444444444444,8.9941848474296,51817.53440735916,484,0
7,22,4769.76,207.3808695652174,104934.72,0.3043478260869565,8.470260900331308,15707.09078261309,154,0
5,27,1748.16,62.434285714285714,47200.32,0.1785714285714285,7.466890951680683,7007.222821156363,135,2
1,57,1859.39,32.05844827586207,105985.23,0.0172413793103448,7.528541422147364,15420.317747296756,57,2
4,68,4702.73,68.1555072463768,319785.64,0.0579710144927536,8.456111089971953,46376.71994133583,272,2
8,82,6129.89,73.85409638554218,502650.98,0.0963855421686747,8.721095205993516,72707.64879673338,656,1
12,31,7591.98,237.249375,235351.38,0.375,8.93497941520476,34747.559907773604,372,0
3,35,882.06,24.501666666666665,30872.1,0.0833333333333333,6.783393148465327,4546.218341878352,105,2
13,98,9469.51,95.65161616161616,928011.98,0.1313131313131313,9.155938039006696,133956.77555247597,1274,1
17,48,4735.39,96.64061224489797,227298.72000000003,0.3469387755102041,8.463030521146406,33172.08008307737,816,0
3,49,3427.62,68.55239999999999,167953.38,0.06,8.13991312684109,24501.393187589558,147,2
1,43,1035.42,23.53227272727273,44523.060000000005,0.0227272727272727,6.943527746070266,6518.996932535154,43,2
14,71,3132.06,43.50083333333333,222376.26,0.1944444444444444,8.049765441742322,32235.009291888506,994,2
6,39,8376.57,209.41425,326686.23,0.15,9.03331317529127,47903.77108045361,234,0
4,61,2143.09,34.56596774193549,130728.49,0.064516129032258,7.670470498921597,18996.98299348141,244,2
11,31,1693.01,52.9065625,52483.31,0.34375,7.434853778382298,7754.143595182626,341,2
13,60,9054.4,148.4327868852459,543264.0,0.2131147540983606,9.111116543831082,78935.59385974045,780,1
17,64,1877.05,28.877692307692307,120131.2,0.2615384615384615,7.537989283481951,17446.5610314361,1088,2
7,82,9999.64,120.47759036144578,819970.48,0.0843373493975903,9.21040436992827,118598.41319029724,574,1
13,87,3161.0,35.92045454545455,275007.0,0.1477272727272727,8.058960017769417,39758.87530597656,1131,2
7,16,4671.4,274.7882352941176,74742.4,0.4117647058823529,8.449428137281542,11388.63563259104,112,0
18,95,4400.02,45.83354166666667,418001.9,0.1875,8.389591611222489,60367.047233325415,1710,1
6,94,1428.63,15.03821052631579,134291.22,0.0631578947368421,7.265170948515917,19406.030934195653,564,2
13,23,1002.25,41.76041666666666,23051.75,0.5416666666666666,6.911000009147026,3448.459011906069,299,2
3,11,1020.49,85.04083333333334,11225.39,0.25,6.929017624684551,1764.5856929940026,33,2
1,29,9052.45,301.74833333333333,262521.05000000005,0.0333333333333333,9.110901179519429,38844.91322397803,29,0
11,92,1591.0,17.107526881720432,146372.0,0.1182795698924731,7.372746366404328,21155.799793259717,1012,2
1,84,5978.92,70.34023529411765,502229.28,0.0117647058823529,8.69616246892877,72624.6068803527,84,1
9,72,2064.23,28.27712328767124,148624.56,0.1232876712328767,7.632996879338104,21543.68905826261,648,2
19,77,6070.08,77.82153846153847,467396.16,0.2435897435897435,8.71129179244437,67664.14520285679,1463,1
14,52,3468.29,65.43943396226415,180351.08,0.2641509433962264,8.15170524105422,26279.88932716381,728,2
8,20,2459.87,117.13666666666666,49197.4,0.3809523809523809,7.808270224940554,7401.513698467509,160,0
9,95,5152.97,53.676770833333336,489532.15,0.09375,8.5475225704736,70693.06257762913,855,1
17,31,2987.33,93.3540625,92607.23,0.53125,8.002469981921534,13677.778254640274,527,0
11,28,2299.19,79.28241379310344,64377.32,0.3793103448275862,7.740747007200983,9543.27321016359,308,2
17,48,1642.05,33.511224489795914,78818.4,0.3469387755102041,7.404309549710556,11509.530353259284,816,2
2,24,2877.84,115.1136,69068.16,0.08,7.965142714215458,10299.308391816316,48,2
3,59,3922.77,65.3795,231443.43,0.05,8.274808205307876,33643.12918688647,177,2
17,95,2809.02,29.260625,266856.9,0.1770833333333333,7.940946879740185,38545.04266503044,1615,2
12,84,2186.04,25.718117647058826,183627.36,0.1411764705882353,7.6903043104043425,26563.27851406115,1008,2
6,39,1213.88,30.347,47341.32000000001,0.15,7.102400585464924,6948.257057226496,234,2
3,39,5454.86,136.3715,212739.54,0.075,8.604445539370031,31197.350135077053,117,0
13,43,3639.44,82.71454545454546,156495.92,0.2954545454545454,8.199859832446373,22897.50997997606,559,2
15,52,8830.08,166.60528301886794,459164.16,0.2830188679245283,9.086032596424486,66891.03061921189,780,1
2,69,3754.7,53.638571428571424,259074.3,0.0285714285714285,8.231029964933727,37565.98545326029,138,2
12,39,6361.84,159.046,248111.76,0.3,8.758230097544962,36384.67203287107,468,0
15,70,5194.79,73.16605633802817,363635.3,0.2112676056338028,8.555603961269366,52713.86041827214,1050,1
15,60,1463.48,23.991475409836067,87808.8,0.2459016393442623,7.289255509636469,12768.400947508402,900,2
12,64,6525.79,100.39676923076922,417650.56,0.1846153846153846,8.783670524071352,60623.10215073421,768,1
7,54,8574.75,155.90454545454546,463036.5,0.1272727272727272,9.05669373176628,67405.3340731305,378,1
3,63,1022.8,15.98125,64436.4,0.046875,6.931276474023483,9364.022771639144,189,2
10,34,7561.43,216.0408571428572,257088.62,0.2857142857142857,8.930947846097911,37845.61535989639,340,0
11,89,6933.09,77.03433333333334,617045.01,0.1222222222222222,8.844205105681935,89166.3001086659,979,1
18,93,8679.94,92.33978723404256,807234.42,0.1914893617021276,9.068885096721798,116589.56573738463,1674,1
7,86,1130.51,12.994367816091954,97223.86,0.0804597701149425,7.031308302860434,14066.78230512701,602,2
7,45,3126.38,67.96478260869566,140687.1,0.1521739130434782,8.047950872300389,20563.092129627727,315,2
14,82,7367.35,88.7632530120482,604122.7000000001,0.1686746987951807,8.904949079521366,87383.41241097006,1148,1
15,80,8593.99,106.09864197530864,687519.2,0.1851851851851851,9.05893475434914,99474.79039455926,1200,1
8,26,4587.71,169.91518518518518,119280.46,0.2962962962962963,8.431354217802198,17725.830405099896,208,0
17,64,4399.87,67.69030769230768,281591.68,0.2615384615384615,8.389557527633619,40878.41305766878,1088,2
7,37,2856.84,75.18,105703.08,0.1842105263157894,7.957821373717656,15526.748861700004,259,2
16,39,1944.4,48.61,75831.6,0.4,7.57322289043534,11126.797603270064,624,2
3,60,9800.65,160.66639344262293,588039.0,0.0491803278688524,9.19030601783341,85438.93655425547,180,1
11,94,8686.13,91.43294736842104,816496.22,0.1157894736842105,9.069597899038014,117912.566904963,1034,1
10,31,2738.4,85.575,84890.40000000001,0.3125,7.91549419730072,12537.657570599617,310,2
9,84,3740.35,44.00411764705882,314189.4,0.1058823529411764,8.227201787844107,45439.29817168398,756,2
11,84,3046.1,35.836470588235294,255872.4,0.1294117647058823,8.021945597613565,37008.21254685008,924,2
11,32,1612.8,48.87272727272728,51609.6,0.3333333333333333,7.386346925414406,7617.427486790211,352,2
18,76,9025.95,117.22012987012988,685972.2000000001,0.2337662337662337,9.107969826344076,99316.95883799004,1368,1
5,70,3341.37,47.06154929577465,233895.9,0.0704225352112676,8.114435415175615,33909.645201035164,350,2
5,78,7063.96,89.41721518987342,550988.88,0.0632911392405063,8.862902633389933,79747.74048699463,390,1
18,63,3419.5,53.4296875,215428.5,0.28125,8.137542018201053,31284.406925645457,1134,2
18,99,1139.41,11.394100000000002,112801.59,0.18,7.039143125853105,16296.659034732262,1782,2
16,47,3987.65,83.07604166666667,187419.55,0.3333333333333333,8.291208106767371,27365.98579758668,752,2
9,33,5560.54,163.54529411764705,183497.82,0.2647058823529412,8.623630327310455,27038.97051861819,297,0
2,33,1317.87,38.76088235294117,43489.71,0.0588235294117647,7.184530588345223,6412.654890924386,66,2
16,29,8200.9,273.36333333333334,237826.1,0.5333333333333333,9.012121113729425,35193.55839825434,464,0
12,94,2420.39,25.477789473684208,227516.66,0.1263157894736842,7.792097034422872,32868.06374318537,1128,2
17,75,5968.32,78.53052631578947,447624.0,0.2236842105263158,8.694388297051654,64824.53837126048,1275,1
16,56,7953.27,139.53105263157894,445383.12,0.2807017543859649,8.981464170376324,64793.88331693662,896,1
17,74,3343.48,44.57973333333334,247417.52,0.2266666666666666,8.115066504573473,35843.56020950065,1258,2
17,50,7044.62,138.12980392156862,352231.0,0.3333333333333333,8.860161426138294,51355.70618552586,850,0
3,20,4335.81,206.46714285714287,86716.20000000001,0.1428571428571428,8.374894333791099,13041.427842047686,60,0
9,87,9644.11,109.59215909090908,839037.5700000001,0.1022727272727272,9.174206330147786,121270.93551973547,783,1
2,24,7732.31,309.29240000000004,185575.44,0.08,8.953292251740361,27664.58224175025,48,0
17,31,3627.87,113.3709375,112463.97,0.53125,8.196676584030783,16608.848409154863,527,0
9,53,6609.45,122.39722222222224,350300.85,0.1666666666666666,8.796407009197168,51014.80861369973,477,1
2,14,2058.93,137.262,28825.02,0.1333333333333333,7.630427280623749,4434.996537230565,28,2
15,32,1306.6,39.593939393939394,41811.2,0.4545454545454545,7.175948674850056,6173.1463476461895,480,2
14,59,9324.59,155.40983333333332,550150.81,0.2333333333333333,9.140517513287984,79959.02624059713,826,1
1,16,1733.39,101.96411764705884,27734.24,0.0588235294117647,7.458411045546049,4227.730193174574,16,2
1,33,4631.08,136.20823529411766,152825.63999999998,0.0294117647058823,8.440761290260854,22519.34262976415,33,0
11,79,8671.85,108.398125,685076.15,0.1375,9.06795273548128,99136.51479681936,869,1
12,74,7044.91,93.93213333333333,521323.34,0.16,8.86020258561495,75508.17176227414,888,1
19,68,2361.97,34.23144927536232,160613.96,0.2753623188405797,7.767674581380544,23300.743498025084,1292,2
18,71,7331.52,101.82666666666668,520537.92,0.25,8.900074528430567,75438.488105885,1278,1
7,80,9193.41,113.49888888888889,735472.8,0.0864197530864197,9.126350969672508,106410.84595137308,560,1
19,94,2886.02,30.37915789473684,271285.88,0.2,7.9679801072454515,39189.06387685742,1786,2
16,86,6937.47,79.74103448275862,596622.42,0.1839080459770115,8.84483656810063,86250.0942541567,1376,1
10,52,4066.51,76.72660377358491,211458.52,0.1886792452830188,8.310786297602771,30810.32229561664,520,2
8,75,2973.24,39.12157894736842,222993.0,0.1052631578947368,7.997743823158834,32299.49494084692,600,2
3,59,9699.27,161.6545,572256.93,0.05,9.179908999155632,83169.8692012856,177,1
1,78,3551.47,44.9553164556962,277014.66,0.0126582278481012,8.175398415178385,40099.75333901411,78,2
18,92,1167.71,12.556021505376345,107429.32,0.1935483870967742,7.063655855418292,15532.406175106842,1656,2
7,27,3947.03,140.96535714285716,106569.81,0.25,8.280971999308695,15814.333761306025,189,0
13,27,4532.02,161.85785714285717,122364.54,0.4642857142857143,8.41914366302024,18158.18589807431,351,0
15,69,7546.89,107.81271428571428,520735.41,0.2142857142857142,8.929023332985322,75497.6080033333,1035,1
15,60,9504.15,155.80573770491802,570249.0,0.2459016393442623,9.159589035965814,82856.19446119717,900,1
8,30,8188.86,264.1567741935484,245665.8,0.2580645161290322,9.010652082683915,36309.44078439891,240,0
10,49,9316.32,186.3264,456499.68,0.2,9.13963031268009,66581.5237186161,490,1
8,93,4803.1,51.096808510638304,446688.3000000001,0.0851063829787234,8.477224998969902,64521.72273427039,744,1
14,62,7221.23,114.6226984126984,447716.26,0.2222222222222222,8.884919048464052,65019.60283424049,868,1
2,61,3159.59,50.961129032258064,192734.99,0.032258064516129,8.058513998013787,28002.375985870684,122,2
4,16,788.91,46.406470588235294,12622.56,0.2352941176470588,6.671919014920596,1926.397669102972,64,2
3,92,3718.19,39.980537634408606,342073.48,0.032258064516129,8.221261181622491,49419.272008125794,276,2
8,41,7009.36,166.8895238095238,287383.76,0.1904761904761904,8.855144333916849,42088.2935920477,328,0
3,33,2818.76,82.90470588235294,93019.08,0.088235294117647,7.944407053927427,13709.253906890057,99,2
8,46,8627.92,183.5727659574468,396884.32,0.1702127659574468,9.062874631402636,57965.577979050686,368,0
1,69,2021.02,28.871714285714287,139450.38,0.0142857142857142,7.611852290728334,20225.413978898672,69,2
5,90,3375.28,37.09098901098901,303775.2,0.0549450549450549,8.124529790665276,43898.6786376938,450,2
12,97,8270.5,84.39285714285714,802238.5,0.1224489795918367,9.02057115004707,115815.9336967532,1164,1
10,45,3382.86,73.5404347826087,152228.7,0.217391304347826,8.126772348711912,22249.77779977653,450,2
7,60,3496.36,57.31737704918033,209781.6,0.1147540983606557,8.15976367714662,30487.221699260663,420,2
6,43,8030.32,182.50727272727272,345303.76,0.1363636363636363,8.991104176992954,50510.67353436294,258,0
6,53,830.49,15.379444444444443,44015.97,0.1111111111111111,6.723219272102456,6418.239110689666,318,2
13,53,4031.41,74.65574074074074,213664.73,0.2407407407407407,8.30211949108942,31120.7626572818,689,2
15,51,6365.56,122.4146153846154,324643.56,0.2884615384615384,8.758814571299562,47315.22598449919,765,0
9,51,2737.97,52.653269230769226,139636.47,0.173076923076923,7.915337216300576,20356.454526195736,459,2
12,70,9104.87,128.2376056338028,637340.9,0.1690140845070422,9.11667453949148,92380.75618489398,840,1
15,88,7633.32,85.7676404494382,671732.1599999999,0.1685393258426966,8.940409150163093,97080.47951270362,1320,1
3,95,770.69,8.028020833333334,73215.55,0.03125,6.648582914976072,10585.5639791069,285,2
17,93,7860.66,83.62404255319149,731041.38,0.1808510638297872,8.969753059053284,105586.4020923823,1581,1
12,55,9698.87,173.19410714285715,533437.8500000001,0.2142857142857142,9.17986776233981,77626.61546580281,660,1
5,86,9430.11,108.39206896551724,810989.4600000001,0.057471264367816,9.151769078138257,117232.59590132973,430,1
19,84,7381.29,86.83870588235294,620028.36,0.2235294117647059,8.906839167565,89658.37415349451,1596,1
7,89,1323.58,14.706444444444443,117798.62,0.0777777777777777,7.188850707039109,17034.310438989894,623,2
2,48,5803.16,118.43183673469387,278551.68,0.0408163265306122,8.666330180819148,40647.425569034574,96,0
5,88,2913.9,32.74044943820225,256423.2,0.0561797752808988,7.977590792878828,37067.2677457152,440,2
8,46,9705.11,206.4917021276596,446435.06000000006,0.1702127659574468,9.180510863096902,65201.43034653668,368,1
8,63,7203.11,112.54859375,453795.93,0.125,8.882406975474108,65884.51371438935,504,1
3,95,6981.37,72.72260416666667,663230.15,0.03125,8.85114367967251,95770.16071397808,285,1
13,97,4435.99,45.26520408163265,430291.03,0.1326530612244898,8.397731497601296,62127.25936980579,1261,1
6,86,3790.09,43.56425287356322,325947.74,0.0689655172413793,8.240408855672415,47125.9576610352,516,2
13,55,9364.42,167.22178571428572,515043.1,0.2321428571428571,9.144779461710248,74950.30267257616,715,1
14,95,3386.08,35.27166666666667,321677.6,0.1458333333333333,8.127723472261298,46459.46074621032,1330,2
7,26,4068.32,150.67851851851853,105776.32,0.2592592592592592,8.311231188310787,15719.555572709443,182,0
1,56,6519.84,114.38315789473684,365111.04,0.0175438596491228,8.782758480978094,53115.86620860505,56,1
18,96,9625.49,99.23185567010307,924047.04,0.1855670103092783,9.172273952369702,133413.58852809042,1728,1
5,48,1151.4,23.49795918367348,55267.2,0.1020408163265306,7.049602003210373,8071.749943143315,240,2
14,28,9124.31,314.6313793103448,255480.68,0.4827586206896552,9.118807150476377,37853.03184929735,392,0
1,90,3751.61,41.22648351648352,337644.9,0.0109890109890109,8.230206876868783,48790.99681134348,90,2
14,34,4792.63,136.9322857142857,162949.42,0.4,8.475043232207721,23990.83676127807,476,0
5,92,4341.97,46.68784946236559,399461.2400000001,0.053763440860215,8.376313724843452,57707.90398951831,460,1
4,17,1252.88,69.60444444444445,21298.960000000003,0.2222222222222222,7.13399802283402,3235.6858092413577,68,2
4,17,2553.18,141.84333333333333,43404.06,0.2222222222222222,7.845486511791116,6589.735863152477,68,0
3,80,7448.49,91.95666666666666,595879.2,0.037037037037037,8.915900852654522,86215.94280065091,240,1
13,35,1425.49,39.596944444444446,49892.15,0.3611111111111111,7.262972160464244,7344.69443253086,455,2
9,70,8588.14,120.95971830985914,601169.7999999999,0.1267605633802817,9.058253893551884,87138.1549618238,630,1
2,73,6211.52,83.93945945945947,453440.96,0.027027027027027,8.734321889715597,65688.59725833946,146,1
10,52,7710.85,145.4877358490566,400964.2,0.1886792452830188,8.950513385893755,58413.09670406861,520,1
9,93,9671.33,102.88648936170212,899433.69,0.0957446808510638,9.177024510819283,129902.73989407904,837,1
4,24,5931.23,237.2492,142349.52,0.16,8.688155475264102,21222.12105078218,96,0
13,31,2640.66,82.520625,81860.45999999999,0.40625,7.879162786414881,12090.846576826629,403,2
9,39,5690.01,142.25025,221910.39,0.225,8.64664301576201,32542.7888418594,351,0
10,41,3248.5,77.3452380952381,133188.5,0.238095238095238,8.086256417334404,19510.52422710724,410,2
1,99,1621.3,16.213,160508.69999999998,0.01,7.391600174416353,23179.08780002492,99,2
7,82,4500.49,54.22277108433735,369040.18,0.0843373493975903,8.412163732064336,53384.627038880826,574,1
9,16,5001.45,294.2029411764706,80023.2,0.5294117647058824,8.51768307140544,12193.27143371608,144,0
5,75,9898.68,130.24578947368423,742401.0,0.0657894736842105,9.200257712367952,107502.7416909514,375,1
13,28,3081.44,106.25655172413794,86280.32,0.4482758620689655,8.033476770128864,12788.214043479476,364,0
8,52,8533.75,161.01415094339623,443755.0,0.1509433962264151,9.051901343645476,64645.56671366903,416,1
4,43,6630.99,150.70431818181817,285132.57,0.0909090909090909,8.799660188973222,41710.02212678024,172,0
11,79,8284.16,103.552,654448.64,0.1375,9.022221241683845,94705.07310303452,869,1
18,48,6636.88,135.4465306122449,318570.24,0.3673469387755102,8.800547914382259,46488.24777506648,864,0
18,82,7619.41,91.8001204819277,624791.62,0.216867469879518,8.93858545300749,90373.14079620068,1476,1
18,42,4979.93,115.81232558139536,209157.06,0.4186046511627907,8.513371899571602,30617.39061459031,756,0
10,26,8119.04,300.7051851851852,211095.04,0.3703703703703703,9.002090359251964,31365.73680655926,260,0
13,89,5721.42,63.571333333333335,509206.38,0.1444444444444444,8.652147071825114,73586.02398926423,1157,1
13,96,1481.1,15.269072164948453,142185.59999999998,0.134020618556701,7.301215279962869,20542.62918686621,1248,2
5,88,8068.45,90.6567415730337,710023.6,0.0561797752808988,8.995840605285915,102612.1083945648,440,1
9,80,9590.0,118.39506172839506,767200.0,0.1111111111111111,9.16858043772795,111000.95353618248,720,1
10,22,3527.02,153.34869565217392,77594.44,0.4347826086956521,8.168492086044854,11616.487424335271,220,0
4,61,3005.77,48.48016129032258,183351.97,0.064516129032258,8.008621691868944,26639.89904273017,244,2
2,30,909.57,29.340967741935486,27287.1,0.064516129032258,6.814070777047189,4037.841364949717,60,2
7,23,6678.46,278.26916666666665,153604.58,0.2916666666666667,8.806792424939745,22942.91537510832,161,0
14,25,9593.72,368.98923076923074,239843.0,0.5384615384615384,9.168968226150444,35693.48809436198,350,0
13,68,1446.33,20.961304347826086,98350.44,0.1884057971014492,7.27747575868134,14272.31388370052,884,2
1,39,1072.56,26.814,41829.84,0.025,6.978735507699184,6139.4596765011,39,2
7,80,6678.56,82.45135802469136,534284.8,0.0864197530864197,8.80680739609781,77305.95779788199,560,1
8,70,3441.95,48.47816901408451,240936.5,0.1126760563380281,8.144083941014081,34930.45498985877,560,2
19,82,8770.08,105.66361445783132,719146.5599999999,0.2289156626506024,9.079215224876608,104018.9445350493,1558,1
18,59,1258.83,20.9805,74270.97,0.3,7.138732070207995,10805.031318867172,1062,2
12,68,2455.81,35.591449275362315,166995.08,0.1739130434782608,7.806619039453724,24224.92314019404,816,2
18,84,9025.91,106.18717647058824,758176.44,0.2117647058823529,9.107965395158722,109631.40812951022,1512,1
6,83,5134.25,61.12202380952381,426142.75,0.0714285714285714,8.543883806669282,61633.67676231252,498,1
19,50,6121.1,120.021568627451,306055.0,0.3725490196078431,8.719660453903149,44624.887682585846,950,0
18,32,9059.51,274.5306060606061,289904.32,0.5454545454545454,9.111680688843451,42756.85967732785,576,0
5,15,1434.47,89.654375,21517.05,0.3125,7.269247600701151,3295.5365889429568,75,2
1,79,8511.76,106.397,672429.04,0.0125,9.04932149330998,97305.17983164192,79,1
4,21,3575.24,162.51090909090908,75080.04,0.1818181818181818,8.182067248135315,11264.450684931551,84,0
16,36,3713.93,100.37648648648648,133701.47999999998,0.4324324324324324,8.220115114444054,19653.777004861902,576,0
6,45,2750.07,59.78413043478261,123753.15,0.1304347826086956,7.919745205893469,18088.86490148904,270,2
8,32,1027.24,31.12848484848485,32871.68,0.2424242424242424,6.935603881801876,4853.889501853244,256,2
15,66,2879.0,42.97014925373134,190014.0,0.2238805970149253,7.965545573129992,27575.022796489124,990,2
6,91,4767.65,51.82228260869565,433856.15,0.0652173913043478,8.469818524957065,62683.02247407499,546,1
19,39,4579.9,114.4975,178616.09999999998,0.475,8.429650764353566,26196.77173582348,741,0
19,42,9717.21,225.9816279069767,408122.82,0.4418604651162791,9.181756724117015,59733.80503501375,798,0
18,96,5462.17,56.311030927835056,524368.3200000001,0.1855670103092783,8.605784486344644,75715.65605463208,1728,1
11,76,4212.14,54.70311688311688,320122.64,0.1428571428571428,8.34596349190399,46354.99599107398,836,2
18,60,6920.1,113.44426229508196,415206.0,0.2950819672131147,8.84232999551656,60332.38309632254,1080,1
10,36,2419.49,65.39162162162161,87101.63999999998,0.2702702702702703,7.7917252779934,12805.797659595695,360,2
5,76,7016.44,91.1225974025974,533249.44,0.0649350649350649,8.856153758146048,77206.70338374653,380,1
9,48,5086.6,103.80816326530612,244156.8,0.1836734693877551,8.53456148557733,35630.41805688861,432,0
6,30,7766.09,250.51903225806453,232982.7,0.1935483870967742,8.957650855838029,34434.92289021443,180,0
8,51,5647.7,108.60961538461538,288032.7,0.1538461538461538,8.639180709170493,41979.543234606805,408,0
2,11,916.69,76.39083333333333,10083.59,0.1666666666666666,6.821859642958361,1585.2370513775654,22,2
18,43,4804.62,109.19590909090908,206598.66,0.4090909090909091,8.477541345338512,30226.051791620765,774,0
16,27,2944.2,105.15,79493.4,0.5714285714285714,7.987932005494562,11799.18705151099,432,0
8,76,8808.85,114.40064935064936,669472.6,0.1038961038961039,9.083625692678584,96927.00545302103,608,1
17,58,2920.78,49.50474576271187,169405.24000000002,0.288135593220339,7.979948298579496,24636.970404236363,986,2
18,72,9422.7,129.07808219178082,678434.4,0.2465753424657534,9.15098307176837,98297.93937722944,1296,1
7,97,5506.71,56.19091836734694,534150.87,0.0714285714285714,8.613904207772544,77118.06517873523,679,1
9,92,3303.78,35.52451612903226,303947.76,0.0967741935483871,8.103125184260804,43913.75205935812,828,2
3,56,7004.26,122.88175438596492,392238.56,0.0526315789473684,8.85441657442778,57061.94411464847,168,1
6,85,4198.23,48.81662790697674,356849.55,0.0697674418604651,8.342656454130516,51599.42986454327,510,1
5,18,6333.22,333.32736842105265,113997.96,0.2631578947368421,8.753721959681382,17242.3606068965,90,0
3,75,7807.98,102.7365789473684,585598.5,0.0394736842105263,8.963029632512,84799.45986889486,225,1
14,93,8530.42,90.74914893617022,793329.06,0.1489361702127659,9.051511097908762,114580.91851374348,1302,1
18,71,8182.49,113.64569444444444,580956.79,0.25,9.009873988974151,84193.0265097762,1278,1
7,57,1744.16,30.071724137931035,99417.12,0.1206896551724138,7.464601520977619,14466.133859330585,399,2
11,29,8301.06,276.702,240730.74,0.3666666666666666,9.024258955761043,35622.55613223177,319,0
16,62,2081.69,33.042698412698414,129064.78,0.2539682539682539,7.641415606373799,18752.201154610437,992,2
16,69,6266.97,89.52814285714287,432420.93,0.2285714285714285,8.74320781724876,62695.91427458614,1104,1
4,70,1235.46,17.400845070422537,86482.2,0.056338028169014,7.120007737064988,12545.17674154795,280,2
16,89,6073.14,67.47933333333334,540509.4600000001,0.1777777777777777,8.711795694401642,78109.13841525794,1424,1
8,45,3148.86,68.45347826086957,141698.7,0.1739130434782608,8.05511328638755,20711.03464351297,360,2
9,55,4351.72,77.70928571428571,239344.6,0.1607142857142857,8.378556216028366,34835.22407945943,495,2
5,33,3220.0,94.70588235294116,106260.0,0.1470588235294117,8.0774471493312,15660.132912617972,165,2
18,77,794.72,10.18871794871795,61193.44,0.2307692307692307,6.679247365168776,8871.465533506378,1386,2
13,56,5057.51,88.72824561403509,283220.56,0.2280701754385964,8.528827252514604,41206.36502043457,728,2
15,66,9639.63,143.87507462686565,636215.58,0.2238805970149253,9.173741738166292,92298.49752813744,990,1
5,26,3070.32,113.71555555555555,79828.32,0.1851851851851851,8.029862715598446,11864.510086208047,130,2
4,65,9565.88,144.93757575757576,621782.2,0.0606060606060606,9.166062412482535,90224.4634634615,260,1
19,70,3953.45,55.68239436619718,276741.5,0.2676056338028169,8.282596806056047,40121.16894240087,1330,2
15,77,7005.43,89.81320512820513,539418.11,0.1923076923076923,8.854583577837465,78087.77144234262,1155,1
8,31,6377.72,199.30375,197709.32,0.25,8.760722729251308,29190.622067532757,248,0
5,41,9533.82,226.99571428571429,390886.62,0.119047619047619,9.162705640037768,57243.2453525064,205,0
17,29,1565.24,52.17466666666667,45391.96,0.5666666666666667,7.35643312151312,6723.328252350692,493,2
8,29,948.29,31.609666666666666,27500.41,0.2666666666666666,6.855714336754527,4074.9188639528697,232,2
12,94,9058.94,95.35726315789474,851540.3600000001,0.1263157894736842,9.11161777649854,122972.84217096058,1128,1
9,66,4980.44,74.33492537313433,328709.04,0.1343283582089552,8.513474284847485,47692.49467543088,594,1
1,51,790.9,15.209615384615384,40335.9,0.0192307692307692,6.674435121216367,5885.814754467867,51,2
1,28,2276.06,78.48482758620689,63729.68,0.0344827586206896,7.730640416177705,9445.855707251572,28,2
10,57,1578.82,27.22103448275862,89992.73999999999,0.1724137931034483,7.365066195480542,13096.18835921019,570,2
12,80,6051.49,74.70975308641975,484119.2,0.1481481481481481,8.708225036601018,70049.46516089588,960,1
3,53,2055.64,38.06740740740741,108948.92,0.0555555555555555,7.628828862182921,15872.33025597502,159,2
1,17,692.48,38.47111111111112,11772.16,0.0555555555555555,6.541722400117687,1789.6726270095403,17,2
8,91,3091.85,33.6070652173913,281358.35,0.0869565217391304,8.036848274903834,40655.84726714486,728,2
16,78,6804.4,86.13164556962025,530743.2,0.2025316455696202,8.825471693666668,76819.53709270126,1248,1
6,26,5820.85,215.58703703703705,151342.1,0.2222222222222222,8.669373359631512,22488.489804659843,156,0
11,24,3374.18,134.9672,80980.31999999999,0.44,8.124203935217793,12076.147343419318,264,0
14,61,8351.44,134.70064516129034,509437.84,0.2258064516129032,9.030308990727107,74001.17668008624,854,1
13,72,2835.06,38.83643835616439,204124.32,0.1780821917808219,7.950171043986755,29584.477813084563,936,2
4,20,2679.42,127.59142857142858,53588.4,0.1904761904761904,7.893728777644077,8061.070804791364,80,2
2,66,5643.48,84.23104477611939,372469.68,0.0298507462686567,8.638433355423112,54039.151332696834,132,1
3,63,4834.33,75.53640625,304562.79,0.046875,8.483704657885095,44221.02671227255,189,2
7,41,4515.13,107.50309523809524,185120.33,0.1666666666666666,8.415410711391987,27114.22073894516,287,0
18,69,1642.28,23.461142857142857,113317.32,0.2571428571428571,7.404449523480917,16439.67467646254,1242,2
10,22,2664.29,115.83869565217393,58614.38,0.4347826086956521,7.888068148690952,8776.404506629937,220,0
10,20,3982.58,189.64666666666668,79651.6,0.4761904761904761,8.289936191460486,11980.37039904776,200,0
6,29,7362.35,245.4116666666667,213508.15,0.2,8.904270271211123,31594.287990991124,174,0
15,98,9374.94,94.69636363636364,918744.12,0.1515151515151515,9.145902112478913,132619.43625441432,1470,1
8,25,4115.78,158.29923076923075,102894.5,0.3076923076923077,8.322826583373432,15315.744249951473,200,0
5,26,5971.03,221.14925925925925,155246.78,0.1851851851851851,8.694842182089197,23068.40561237522,130,0
4,54,7490.33,136.1878181818182,404477.82,0.0727272727272727,8.92150163084102,58881.61886386935,216,1
10,21,3666.46,166.65727272727273,76995.66,0.4545454545454545,8.207254603345525,11552.634153255023,210,0
10,88,1438.91,16.167528089887643,126624.08,0.1123595505617977,7.27233589061684,18312.07746050444,880,2
8,63,7388.98,115.4528125,465505.74,0.125,8.907880307578639,67584.31509897251,504,1
12,63,8401.24,131.269375,529278.12,0.1875,9.036253615948835,76842.12187551658,756,1
7,79,3234.19,40.427375,255501.01,0.0875,8.081842937822364,36981.399531133975,553,2
8,95,7862.42,81.90020833333334,746929.9,0.0833333333333333,8.969976905292203,107855.18193122456,760,1
4,97,4172.24,42.57387755102041,404707.28,0.0408163265306122,8.336447991518645,58433.0673059813,388,1
13,86,7501.01,86.21850574712644,645086.86,0.1494252873563218,8.922926263618816,93254.59440818544,1118,1
6,51,978.7,18.821153846153848,49913.7,0.1153846153846153,6.887246402350597,7282.174826409127,306,2
1,24,5550.73,222.0292,133217.52,0.04,8.62186486988019,19860.563009267124,24,0
4,65,4597.85,69.66439393939395,298860.25,0.0606060606060606,8.433561551221977,43372.17979450732,260,2
18,92,8931.92,96.0421505376344,821736.64,0.1935483870967742,9.097498608103695,118697.69902821898,1656,1
17,78,3890.25,49.24367088607595,303439.5,0.2151898734177215,8.266485721755817,43926.06790664018,1326,2
19,53,3883.14,71.91,205806.42,0.3518518518518518,8.264656874075708,29977.440929817996,1007,2
16,99,4302.65,43.0265,425962.35,0.16,8.367218778832392,61490.22195982554,1584,1
11,77,8630.21,110.64371794871792,664526.1699999999,0.141025641025641,9.063139982823907,96194.88969765324,847,1
14,98,2079.67,21.00676767676768,203807.66,0.1414141414141414,7.640445236211956,29432.58837529349,1372,2
4,79,8406.39,105.079875,664104.8099999999,0.05,9.036866359972484,96101.19524876573,316,1
5,18,2554.48,134.4463157894737,45980.64,0.2631578947368421,7.845995351920616,6957.239352719448,90,0
4,45,3485.15,75.76413043478261,156831.75,0.0869565217391304,8.156553254414131,22921.415377172987,180,2
4,72,860.5,11.787671232876711,61956.0,0.0547945205479452,6.758675055967984,8987.300162972771,288,2
8,28,648.03,22.34586206896552,18144.84,0.2758620689655172,6.475478940597228,2693.995314725504,224,2
11,24,6840.52,273.62080000000003,164172.48,0.44,8.830765208151117,24475.841652172592,264,0
9,66,9241.08,137.9265671641791,609911.28,0.1343283582089552,9.131522247527784,88482.07891682429,594,1
9,72,4980.87,68.23109589041096,358622.64,0.1232876712328767,8.513560601543496,51965.91113488046,648,1
18,58,8456.53,143.33101694915254,490478.7400000001,0.3050847457627119,9.042812447796075,71309.13555916326,1044,1
18,76,7958.14,103.35246753246754,604818.64,0.2337662337662337,8.982076232800662,87569.0497585713,1368,1
6,58,6680.32,113.2257627118644,387458.56,0.1016949152542373,8.807070851799855,56332.14493263984,348,1
4,94,7911.24,83.2762105263158,743656.5599999999,0.0421052631578947,8.976166206512866,107394.013497428,376,1
17,96,6957.35,71.72525773195876,667905.6000000001,0.1752577319587628,8.847697656257658,96436.6711733029,1632,1
1,27,4055.25,144.83035714285714,109491.75,0.0357142857142857,8.3080141804524,16246.88201222986,27,0
16,52,860.29,16.23188679245283,44735.08,0.3018867924528302,6.758431265371289,6526.666029264326,832,2
3,42,2222.16,51.67813953488372,93330.72,0.0697674418604651,7.706684886182951,13665.333513123276,126,2
12,81,7992.66,97.47146341463414,647405.46,0.1463414634146341,8.986404006467838,93656.81774412635,972,1
19,42,2560.0,59.53488372093023,107520.0,0.4418604651162791,7.848153086199526,15744.117842467464,798,2
1,46,9978.79,212.31468085106383,459024.34,0.0212765957446808,9.208317326999952,67038.81061068198,46,1
14,96,6970.48,71.86061855670103,669166.08,0.1443298969072164,8.849582819807896,96618.2020758962,1344,1
9,27,4824.5,172.30357142857142,130261.5,0.3214285714285714,8.48166963534719,19329.01523851933,243,0
2,70,5747.32,80.9481690140845,402312.4,0.028169014084507,8.656662917187239,58317.33614299219,140,1
16,78,6147.64,77.81822784810127,479515.92,0.2025316455696202,8.723986198134522,69406.32924938455,1248,1
7,22,1701.24,73.96695652173914,37427.28,0.3043478260869565,7.439700309768056,5605.6044292368,154,2
19,33,7124.95,209.55735294117648,235123.35,0.5588235294117647,8.871498329582085,34645.61252497145,627,0
19,69,2474.59,35.35128571428572,170746.71000000002,0.2714285714285714,7.814234030432262,24764.676706902308,1311,2
18,41,8725.84,207.75809523809525,357759.44,0.4285714285714285,9.074158613088976,52394.505832182826,738,0
15,66,1890.31,28.21358208955224,124760.46,0.2238805970149253,7.545024989648907,18109.678926810888,990,2
3,54,571.45,10.39,30858.300000000003,0.0545454545454545,6.349925395369821,4500.50635297856,162,2
2,53,5996.39,111.04425925925926,317808.67000000004,0.037037037037037,8.699079653570246,46282.83433942142,106,0
7,63,8270.29,129.22328125,521028.2700000001,0.109375,9.020545761342987,75643.84474314448,441,1
19,64,2810.55,43.23923076923077,179875.2,0.2923076923076923,7.941491211675135,26117.174718524748,1216,2
10,77,9183.64,117.73897435897436,707140.2799999999,0.1282051282051282,9.125287802542513,102362.55892389853,770,1
6,59,7601.57,126.69283333333333,448492.63,0.1,8.936241627006664,65184.98986785148,354,1
18,46,706.88,15.04,32516.48,0.3829787234042553,6.562274587802984,4758.477893330173,828,2
5,87,5769.07,65.55761363636363,501909.09,0.0568181818181818,8.660439491144327,72549.20498161562,435,1
2,77,5717.67,73.30346153846153,440260.59,0.0256410256410256,8.651491539854945,63734.17722772913,154,1
5,17,2103.49,116.86055555555556,35759.329999999994,0.2777777777777778,7.651828436476836,5429.944308824258,85,2
8,68,3411.99,49.4491304347826,232015.32,0.1159420289855072,8.135344018928784,33651.57291664039,544,2
5,87,4636.96,52.69272727272728,403415.52,0.0568181818181818,8.442029893371215,58315.09593933542,435,1
3,6,1582.79,226.1128571428572,9496.74,0.4285714285714285,7.367575987827853,1617.491286365608,18,0
13,85,1723.64,20.04232558139535,146509.4,0.1511627906976744,7.452773612033319,21194.0980374263,1105,2
6,11,3854.43,321.2025,42398.73,0.5,8.257237823226987,6657.159962546176,66,0
4,61,7498.84,120.94903225806452,457429.24,0.064516129032258,8.922636965963509,66446.14516933616,244,1
10,90,8329.91,91.53747252747252,749691.9,0.1098901098901098,9.027727972891707,108317.4978700872,900,1
12,95,6740.03,70.20864583333334,640302.85,0.125,8.815968011221818,92461.28994483492,1140,1
3,26,8917.81,330.28925925925927,231863.06,0.1111111111111111,9.09591780860266,34449.909469739854,78,0
12,70,9691.03,136.49338028169015,678372.1000000001,0.1690140845070422,9.179059177267986,98327.2816362205,840,1
12,28,1332.16,45.936551724137935,37300.48,0.4137931034482758,7.1953073429831855,5532.312236024367,336,2
2,65,898.67,13.61621212121212,58413.55,0.0303030303030303,6.802028029418985,8485.666934740135,130,2
18,34,8017.33,229.06657142857145,272589.22,0.5142857142857142,8.989485449751369,40128.1600489418,612,0
2,74,2026.29,27.0172,149945.46,0.0266666666666666,7.6144552047929155,21726.058331695927,148,2
8,79,8832.16,110.402,697740.64,0.1,9.086268100472168,100968.48403830008,632,1
1,62,9395.75,149.13888888888889,582536.5,0.0158730158730158,9.14811916379377,84593.3646972955,62,1
13,40,3252.87,79.33829268292682,130114.8,0.3170731707317073,8.08760033615118,19072.630423741404,520,2
8,53,8602.68,159.3088888888889,455942.04,0.1481481481481481,9.05994529769226,66396.31956890496,424,1
13,70,6093.37,85.82211267605634,426535.9,0.1830985915492957,8.715120673160373,61829.57004742012,910,1
7,35,5704.28,158.45222222222222,199649.8,0.1944444444444444,8.649147340846405,29366.196544858216,245,0
3,96,5800.8,59.8020618556701,556876.8,0.0309278350515463,8.665923493215102,80406.44270188342,288,1
19,79,6226.78,77.83475,491915.62,0.2375,8.736775207988288,71189.60128931543,1501,1
13,28,2511.44,86.60137931034483,70320.32,0.4482758620689655,7.829009671485171,10423.948380691989,364,2
8,65,4188.21,63.45772727272728,272233.65,0.1212121212121212,8.340267450986756,39509.53988669214,520,2
18,86,7087.23,81.46241379310344,609501.7799999999,0.2068965517241379,8.866190940968385,88111.93507161224,1548,1
7,73,9652.33,130.4368918918919,704620.09,0.0945945945945946,9.175058212527617,102070.30379209985,511,1
3,46,1499.01,31.893829787234043,68954.46,0.0638297872340425,7.313227053734746,10077.391555232602,138,2
9,88,6019.71,67.63719101123596,529734.48,0.1011235955056179,8.702960471547804,76561.09018215402,792,1
8,39,8949.29,223.73225,349022.31000000006,0.2,9.099441212978595,51178.80452731614,312,0
19,57,4060.43,70.00741379310344,231444.51,0.3275862068965517,8.309290407330788,33665.654898629626,1083,2
2,76,5629.97,73.11649350649351,427877.72,0.0259740259740259,8.63603699758992,61952.49550064715,152,1
12,25,8111.08,311.9646153846154,202777.0,0.4615384615384615,9.001109587715275,30178.07246620484,300,0
4,94,3189.5,33.57368421052632,299813.0,0.0421052631578947,8.067932923308401,43306.02624605672,376,2
3,32,5997.12,181.73090909090908,191907.84,0.0909090909090909,8.699201365777713,28304.354431363947,96,0
1,22,1823.42,79.27913043478262,40115.240000000005,0.0434782608695652,7.509017407285679,6006.927375157563,22,2
15,93,4817.75,51.25265957446808,448050.75,0.1595744680851064,8.48026983731164,64719.48464341141,1395,1
1,77,1813.42,23.24897435897436,139633.34,0.0128205128205128,7.50352113640037,20222.21790228688,77,2
9,93,4678.02,49.76617021276597,435055.86,0.0957446808510638,8.450843965274691,62842.02753697984,837,1
5,66,4028.51,60.12701492537314,265881.66000000003,0.0746268656716417,8.301400059458969,38578.524720264366,330,2
19,96,4389.32,45.25072164948453,421374.72,0.1958762886597938,8.387157396351153,60847.55339361921,1824,1
6,55,2512.75,44.87053571428572,138201.25,0.1071428571428571,7.829530941086862,20118.2581727875,330,2
3,93,2829.09,30.096702127659576,263105.37,0.0319148936170212,7.948063792251748,38009.790954401935,279,2
2,49,2471.84,49.436800000000005,121120.16,0.04,7.8131225666819,17671.469988938097,98,2
11,76,7198.05,93.48116883116884,547051.8,0.1428571428571428,8.881704351854268,79205.62224718941,836,1
7,79,1004.2,12.5525,79331.8,0.0875,6.912941805669437,11491.650420257953,553,2
1,54,5705.99,103.74527272727272,308123.46,0.0181818181818181,8.649447018301075,44856.694700223394,54,0
8,56,884.45,15.516666666666667,49529.2,0.1403508771929824,6.786095990354808,7214.299016219173,448,2
11,96,3590.7,37.01752577319587,344707.19999999995,0.1134020618556701,8.186380907003233,49778.60247267744,1056,1
10,44,2481.39,55.142,109181.16,0.2222222222222222,7.816977084766404,15968.533028472428,440,2
2,73,5987.01,80.90554054054054,437051.73,0.027027027027027,8.697514415544804,63314.76715456902,146,1
1,23,9293.56,387.2316666666666,213751.88,0.0416666666666666,9.137184561756994,31923.69293112787,23,0
4,40,7226.54,176.2570731707317,289061.6,0.0975609756097561,8.885654008292343,42359.62575545065,160,0
9,41,7696.87,183.2588095238096,315571.67,0.2142857142857142,8.948698946197847,46215.85168488347,369,0
13,35,9513.84,264.2733333333333,332984.4,0.3611111111111111,9.16060796403448,48974.290721772646,455,0
4,36,6377.5,172.36486486486487,229590.0,0.1081081081081081,8.760688238978345,33741.24766588742,144,0
3,53,5819.54,107.76925925925926,308435.62,0.0555555555555555,8.669148319926515,44918.23628044782,159,0
18,96,6058.49,62.458659793814434,581615.04,0.1855670103092783,8.709380917106,83979.84051538876,1728,1
2,60,8671.47,142.15524590163935,520288.2,0.0327868852459016,9.067908919627774,75596.13227738666,120,1
9,37,3942.18,103.7415789473684,145860.66,0.2368421052631578,8.279742783355582,21423.01402340514,333,0
7,50,7973.83,156.34960784313725,398691.5,0.1372549019607843,8.984045610811423,58126.828701193714,350,1
2,19,6557.34,327.867,124589.46,0.1,8.788492801135401,18786.365070400167,38,0
12,54,3115.26,56.64109090909091,168224.04,0.2181818181818181,8.044388843817778,24495.74338022444,648,2
14,55,2178.21,38.89660714285714,119801.55,0.25,7.686717704784606,17442.227617835375,770,2
14,64,7029.89,108.15215384615384,449912.96,0.2153846153846154,8.858068577076066,65305.4393724341,896,1
15,58,5838.93,98.9649152542373,338657.94,0.2542372881355932,8.672474089449066,49239.68023237598,870,1
17,48,2818.49,57.52020408163265,135287.52,0.3469387755102041,7.9443112965128035,19748.117350593377,816,2
4,12,4399.59,338.43,52795.08,0.3076923076923077,8.38949390182606,8222.54245517279,48,0
14,86,6645.37,76.3835632183908,571501.82,0.160919540229885,8.801826119949892,82618.93375841122,1204,1
7,65,1358.15,20.578030303030303,88279.75,0.106060606060606,7.214614783336179,12819.685529384633,455,2
19,42,4379.57,101.85046511627908,183941.94,0.4418604651162791,8.38493413188971,26927.598179959045,798,0
2,18,4224.58,222.3463157894737,76042.44,0.1052631578947368,8.348911808476005,11502.545784393693,36,0
9,18,5471.75,287.9868421052632,98491.5,0.4736842105263157,8.607536511313839,14898.188294689588,162,0
15,34,5266.95,150.4842857142857,179076.3,0.4285714285714285,8.569396571550095,26364.533179102054,510,0
19,41,3740.49,89.0592857142857,153360.09,0.4523809523809524,8.227239206791998,22465.47412941049,779,0
10,36,7651.06,206.7854054054054,275438.16000000003,0.2702702702702703,8.9427301716167,40478.74548654962,360,0
8,35,765.57,21.265833333333333,26794.95,0.2222222222222222,6.641926018342981,3947.3785687962713,280,2
10,33,4260.57,125.31088235294116,140598.81,0.2941176470588235,8.357392915968475,20719.47748470228,330,0
2,10,2847.94,258.9036363636364,28479.4,0.1818181818181818,7.954702274255083,4515.197165259959,20,0
18,92,1805.86,19.41784946236559,166139.12,0.1935483870967742,7.499345811110417,24011.72724909437,1656,2
2,46,9289.26,197.64382978723404,427305.96,0.0425531914893617,9.136721818499138,62407.14901497103,92,1
15,37,7317.25,192.55921052631572,270738.25,0.3947368421052631,8.89812650733507,39758.47886769653,555,0
8,43,2683.15,60.98068181818182,115375.45,0.1818181818181818,7.895119383266182,16882.665374197608,344,2
7,25,2375.51,91.36576923076925,59387.75000000001,0.2692307692307692,7.773388303913926,8842.095484043417,175,2
18,49,4036.91,80.73819999999999,197808.59,0.36,8.30348251036288,28857.414526072906,882,2
9,52,7894.91,148.96056603773584,410535.32,0.1698113207547169,8.974100182872066,59807.04778250591,468,1
16,93,9118.74,97.00787234042554,848042.82,0.1702127659574468,9.118196573890064,122482.40804024004,1488,1
8,33,1734.57,51.01676470588235,57240.81,0.2352941176470588,7.459091168686077,8439.298735713173,264,2
9,45,9590.15,208.4815217391304,431556.75,0.1956521739130435,9.168596077267836,63059.820824284325,405,0
9,91,5968.63,64.87641304347827,543145.33,0.0978260869565217,8.694440227916608,78469.66123990832,819,1
14,80,7499.08,92.58123456790123,599926.4,0.1728395061728395,8.92266896613418,86803.02239186289,1120,1
4,22,1641.44,71.36695652173913,36111.68,0.1739130434782608,7.403938220011176,5408.294972540747,88,2
6,83,4818.38,57.361666666666665,399925.54,0.0714285714285714,8.480400568065614,57842.69049940087,498,1
13,68,9379.21,135.9305797101449,637786.2799999999,0.1884057971014492,9.146357429809363,92484.53647756242,884,1
1,24,9342.64,373.7056,224223.36,0.04,9.14245117692855,33424.84115016813,24,0
9,65,9844.59,149.16045454545454,639898.35,0.1363636363636363,9.194778918175478,92853.6330853,585,1
15,25,4227.98,162.61461538461538,105699.5,0.5769230769230769,8.349716108210892,15734.145893509964,375,0
4,69,9737.84,139.112,671910.96,0.0571428571428571,9.183877293034788,97410.02186002144,276,1
1,42,3740.69,86.99279069767442,157108.98,0.0232558139534883,8.22729266000308,22998.273334167377,42,2
10,35,3002.55,83.40416666666667,105089.25,0.2777777777777778,8.007550201396533,15461.212784949405,350,2
7,67,3231.29,47.51897058823529,216496.43,0.1029411764705882,8.080946143338467,31408.203265415435,469,2
4,36,2076.76,56.12864864864866,74763.36000000002,0.1081081081081081,7.639045669320122,10991.999400346584,144,2
1,68,5946.67,86.1836231884058,404373.56,0.0144927536231884,8.690754825207033,58640.5884101096,68,1
7,37,9702.12,255.31894736842108,358978.44,0.1842105263157894,9.180202762257904,52712.74905152242,259,0
13,67,9872.14,145.17852941176469,661433.38,0.1911764705882352,9.19757321759802,95934.29818272855,871,1
6,64,9562.24,147.11138461538462,611983.36,0.0923076923076923,9.165681860761593,88824.56705345263,384,1
16,34,9444.26,269.836,321104.84,0.4571428571428571,9.15326830734921,47268.3637730235,544,0
9,48,9627.73,196.4842857142857,462131.04,0.1836734693877551,9.172506616552203,67431.65863797146,432,1
10,49,1557.75,31.155,76329.75,0.2,7.351639496994246,11140.743805642427,490,2
14,45,4479.92,97.38956521739132,201596.4,0.3043478260869565,8.407583661468996,29463.060213814988,630,0
17,57,4991.52,86.06068965517242,284516.64,0.293103448275862,8.515696071290959,41382.43278416782,969,2
5,48,6316.38,128.90571428571428,303186.24,0.1020408163265306,8.751059844226384,44241.91125927804,240,0
6,76,4902.46,63.66831168831169,372586.96,0.0779220779220779,8.497696357360539,53949.09484716052,456,1
8,27,6519.3,232.83214285714288,176021.1,0.2857142857142857,8.782675666132105,26116.757218972714,216,0
2,90,7405.02,81.37384615384616,666451.8,0.0219780219780219,8.91004846198301,96291.30369609113,180,1
2,29,1089.09,36.303,31583.61,0.0666666666666666,6.994015540621913,4678.151954601041,58,2
9,90,3700.24,40.66197802197802,333021.6,0.0989010989010989,8.216423177622215,48124.259614614064,810,2
17,69,705.85,10.083571428571428,48703.65,0.2428571428571428,6.560818479313042,7073.198178150106,1173,2
7,31,3891.6,121.6125,120639.6,0.21875,8.266832593808475,17814.185440370544,217,0
15,48,3956.71,80.74918367346939,189922.08,0.3061224489795918,8.28342085415024,27718.73267528237,720,2
