monetary_per_frequency,frequency_per_recency,monetary_per_recency,value_efficiency_ratio,spending_consistency_ratio,engagement_ratio,log_spend_ratio,growth_potential_ratio
256.24260869565217,3.8333333333333335,982.2633333333333,21606.126666666667,0.9998303238439116,21606.126666666667,0.3774616913848365,982.2633333333333
115.72397435897435,5.571428571428571,644.7478571428571,49640.085,0.9998892147207048,49640.085,0.11676816219004944,644.747857142857
8.60875,5.142857142857143,44.27357142857143,3138.352142857143,0.9983866544052401,3138.352142857143,0.08929785065128926,44.27357142857144
267.97941176470584,8.5,2277.825,75159.975,0.9998902461778233,75159.97499999999,0.2681550200118408,2277.825
122.54272727272728,2.75,336.9925,14487.99,0.9998145359318085,14487.99,0.19528748629890033,336.9925
45.045512820512826,19.5,878.3875,67616.58750000001,0.9997153875709751,67616.58750000001,0.10467156668403794,878.3875000000002
82.63522727272726,17.6,1454.3799999999999,126513.65999999999,0.9998624843575958,126513.65999999999,0.10104287368622301,1454.3799999999999
224.38590909090908,11.0,2468.245,51822.645,0.9997974269166957,51822.645,0.38656408324194197,2468.245
280.13057142857144,1.9444444444444444,544.6983333333333,18517.854444444445,0.9998980067458337,18517.854444444445,0.26258868235693855,544.6983333333334
126.02470588235295,2.125,267.8025,8835.42,0.9997666190569543,8835.42,0.2459658379640632,267.8025
303.1536363636364,2.2,666.938,6667.38,0.9997001220503254,6667.38,0.7374668182278218,666.9380000000001
135.0090163934426,30.5,4117.775,247036.5,0.9998785752014133,247036.49999999997,0.1478068103029687,4117.775
105.47738461538461,3.611111111111111,380.8905555555555,24373.44,0.9998541429952904,24373.44,0.1358905205538051,380.8905555555555
126.21015625,6.4,807.745,50881.634999999995,0.9998761985527611,50881.634999999995,0.14057549230696015,807.745
142.761,7.5,1070.7075,31043.2675,0.9997665095275787,31043.267499999998,0.27874564283409403,1070.7075
65.67932584269663,7.416666666666667,487.12166666666667,42859.37333333333,0.9998289270647648,42859.37333333333,0.09745416371407727,487.12166666666667
123.09027397260274,12.166666666666666,1497.5983333333334,107815.08,0.9998887107023579,107815.08,0.12470380085012364,1497.5983333333334
64.37886075949368,6.076923076923077,391.22538461538466,30509.579999999998,0.9998033791263348,30509.58,0.108028268134375,391.22538461538466
249.8932,2.5,624.733,14991.192,0.9998399316187875,14991.192,0.3495963780581813,624.7330000000001
136.84573770491804,8.714285714285714,1192.5128571428572,71542.2,0.9998802049453794,71542.2,0.14802833038411226,1192.512857142857
75.87346666666667,7.5,569.051,42102.373999999996,0.9998242688265199,42102.373999999996,0.11528740205380297,569.051
12.365432098765432,20.25,250.4,20012.0,0.9990015974440897,20012.0,0.08530066667093622,250.39999999999998
111.484375,3.5555555555555554,396.3888888888889,24969.0,0.9998598458304134,24969.0,0.13863699265485838,396.38888888888886
76.14358208955224,3.526315789473684,268.50631578947366,17717.943157894737,0.9998039838325865,17717.943157894737,0.12742258828853872,268.50631578947366
52.6179347826087,18.4,968.1700000000001,88085.26999999999,0.9997934247084707,88085.27,0.09222658265354382,968.17
193.53923076923078,2.1666666666666665,419.33500000000004,5030.02,0.9996025452998993,5030.02,0.6023407378750177,419.335
74.74525773195876,8.083333333333334,604.1908333333333,57994.32,0.9998620744825379,57994.32,0.09163707986648188,604.1908333333333
24.351999999999997,2.6315789473684212,64.08421052631579,3137.547368421053,0.9991787122207623,3137.5473684210524,0.14209273974214842,64.08421052631579
165.10816666666668,3.0,495.3245,29221.1955,0.9998990560733417,29221.1955,0.15334908961492594,495.32450000000006
110.00259740259742,12.833333333333334,1411.7,107276.53333333334,0.9998819390333168,107276.53333333334,0.11745856363789879,1411.7000000000003
58.163108108108105,3.8947368421052633,226.52999999999997,16532.847894736842,0.9997676617713002,16532.847894736842,0.1130718427790525,226.53
108.77777777777777,1.8,195.8,5089.066666666667,0.9996595165134493,5089.066666666667,0.29574607152587484,195.79999999999998
158.33625,1.7777777777777777,281.4866666666667,8724.364444444444,0.9998026352146144,8724.364444444444,0.26657677622028825,281.4866666666667
251.63514285714285,3.5,880.723,29941.182,0.999886456922324,29941.182,0.25952366440155217,880.723
31.725393258426966,5.933333333333334,188.23733333333334,16559.018666666667,0.9996458371700973,16559.018666666667,0.08927813234953332,188.23733333333334
229.83272727272725,1.6923076923076923,388.9476923076923,8166.286153846154,0.9998022277071072,8166.286153846154,0.38765428295286974,388.94769230769225
47.510588235294115,12.75,605.76,30275.5,0.9995872952984681,30275.5,0.1527995731204088,605.76
30.069393939393937,8.25,248.0725,16116.5875,0.9994961150470125,16116.5875,0.11504791793684638,248.0725
275.2038888888889,9.0,2476.835,86680.475,0.9998990647338236,86680.475,0.25558419932090026,2476.835
179.963125,2.4615384615384617,442.9861538461538,13730.186153846153,0.9998263533154361,13730.186153846153,0.27057774598724754,442.98615384615385
85.53337209302326,5.375,459.741875,39072.746875,0.9998640541499508,39072.746875,0.10352620828976594,459.74187500000005
27.53,3.9,107.367,4076.1460000000006,0.9990686151238276,4076.1460000000006,0.17894456321241442,107.367
141.87507936507936,7.0,993.1255555555555,61566.89555555555,0.9998881197744942,61566.89555555555,0.14441399482584893,993.1255555555555
21.29409090909091,4.0,85.17636363636365,3658.6745454545458,0.998932695796956,3658.6745454545458,0.1555140737735591,85.17636363636365
34.7856,3.8461538461538463,133.79076923076923,6551.9784615384615,0.9994250494457476,6551.9784615384615,0.1492245302693827,133.79076923076926
71.5071590909091,14.666666666666666,1048.7716666666668,91228.63500000001,0.9998410839346982,91228.63500000001,0.09939925438990184,1048.7716666666668
284.84590909090906,1.8333333333333333,522.2175,10964.8175,0.9998404240889414,10964.8175,0.39740867352526615,522.2175
186.65444444444447,11.25,2099.8625,92382.95000000003,0.9998809445856575,92382.95000000001,0.20079825569993928,2099.8625
22.487611940298507,7.444444444444445,167.4077777777778,11041.58,0.9993362846542378,11041.58,0.10921876412753882,167.40777777777777
56.78297872340426,23.5,1334.4,61359.4,0.9996252997601918,61359.4,0.16785923855668997,1334.4
135.4021875,5.333333333333333,722.145,22381.328333333335,0.999769206092036,22381.328333333335,0.2616870443431863,722.145
11.157183098591549,7.1,79.216,5538.12,0.9987376287618664,5538.12,0.09401075199455089,79.216
40.401034482758625,4.142857142857143,167.3757142857143,9536.344285714285,0.9995732441129026,9536.344285714285,0.13378100691714778,167.3757142857143
211.47434782608696,2.875,607.98875,13373.0025,0.9997944040905362,13373.002499999999,0.3691129530515366,607.98875
36.49408450704225,17.75,647.77,45326.4,0.9996140605461814,45326.4,0.11070183177739525,647.77
73.58444444444444,3.2142857142857144,236.52142857142857,10403.800000000001,0.9996980038051522,10403.800000000001,0.18011324756688943,236.52142857142857
232.17595238095237,4.2,975.1389999999999,39976.599,0.9998974505173109,39976.599,0.21869440756983713,975.139
116.78538461538461,3.9,455.463,17303.794,0.9997804431973618,17303.794,0.21599742505068073,455.46299999999997
46.9916,3.3333333333333335,156.63866666666667,7672.028,0.9995743920189992,7672.028,0.15523983735522037,156.63866666666667
72.89,20.5,1494.245,59749.8,0.9996653828522095,59749.799999999996,0.19518350053898606,1494.2450000000001
194.6675,20.0,3893.35,151821.15,0.9998715758922266,151821.15,0.22400431072717022,3893.35
62.38133333333333,2.6470588235294117,165.1270588235294,7263.0023529411765,0.9996437680787701,7263.0023529411765,0.17644285722430392,165.1270588235294
77.3754,2.6315789473684212,203.61947368421053,9974.775263157895,0.9997415199145983,9974.775263157895,0.16521383812095955,203.61947368421053
44.44222222222223,3.176470588235294,141.1694117647059,7478.861176470588,0.9995833124989583,7478.861176470588,0.14413285213122215,141.1694117647059
65.45254545454546,27.5,1799.945,97170.03,0.9997222137343084,97170.03,0.148884701244033,1799.9450000000002
122.534,5.0,612.67,17762.596666666668,0.9997279666595937,17762.596666666668,0.27365286413857287,612.6700000000001
29.701621621621623,1.85,54.948,1976.328,0.9990900487733857,1976.328,0.1892464745139716,54.94800000000001
71.0939534883721,7.166666666666667,509.50666666666666,21392.28,0.9996728861905635,21392.28,0.1866326141053213,509.5066666666667
114.64090909090909,2.75,315.2625,10085.733333333334,0.9997356700104411,10085.733333333334,0.2496458265126523,315.2625
103.86032967032968,30.333333333333332,3150.4300000000003,283508.7,0.9998941943374927,283508.7,0.10059237933085645,3150.43
89.17012195121951,27.333333333333332,2437.3166666666666,197395.65,0.9998632375768434,197395.65,0.10850323506141717,2437.3166666666666
74.52442857142857,4.375,326.044375,22492.749375,0.9998083083015923,22492.749375,0.12228031734249935,326.044375
37.728,7.0,264.096,8972.464,0.999242699624379,8972.464,0.20530715959555357,264.096
18.97820895522388,9.571428571428571,181.64857142857142,11979.377142857144,0.9992135520707174,11979.377142857144,0.10668632900409188,181.64857142857142
26.525494505494507,18.2,482.764,43430.759999999995,0.9995857189019893,43430.76,0.08559303114109981,482.764
30.724285714285713,2.8823529411764706,88.55823529411765,4247.971764705882,0.9993357644354994,4247.971764705882,0.14932395317526947,88.55823529411764
41.85034090909091,5.866666666666666,245.522,21354.614,0.9997284696822822,21354.614,0.09331178133359547,245.522
88.16431818181819,4.4,387.923,16676.389000000003,0.9997422168832474,16676.389000000003,0.1878043627116943,387.92300000000006
32.72096385542169,6.384615384615385,208.91076923076923,17124.375384615385,0.9996317897961589,17124.375384615385,0.09526333225037725,208.91076923076923
69.24710144927536,6.9,477.805,32483.940000000002,0.9997907095991042,32483.940000000002,0.12277953322406598,477.805
387.31714285714287,2.1,813.366,16265.320000000002,0.9998770541183181,16265.320000000002,0.42875077551147905,813.3660000000001
170.32520833333334,2.4,408.78049999999996,19210.3335,0.9998776849678495,19210.3335,0.18768563772330607,408.7805
242.88387096774193,4.428571428571429,1075.6285714285714,32264.571428571428,0.9998671872924801,32264.571428571428,0.28795389149497796,1075.6285714285714
42.15071428571429,8.75,368.81875,25439.86875,0.9996610801376015,25439.86875,0.11413924103762754,368.81875
58.15372093023256,12.285714285714286,714.46,60716.95714285714,0.9998000487880957,60716.95714285714,0.09903996699596604,714.46
60.7653125,2.4615384615384617,149.57615384615386,4634.476153846154,0.9994857263344116,4634.476153846154,0.23664859408976155,149.57615384615386
42.74260869565217,2.7058823529411766,115.6564705882353,5201.894117647059,0.9994913943931318,5201.894117647059,0.1648660365416411,115.6564705882353
54.51641975308642,5.785714285714286,315.4164285714286,25227.600000000002,0.9997735420068257,25227.600000000002,0.10361668013381624,315.4164285714285
211.8017142857143,5.833333333333333,1235.51,42001.67333333333,0.9998651029399466,42001.67333333333,0.2545999596718022,1235.51
104.46070588235294,4.25,443.95799999999997,37288.272,0.9998873767338351,37288.272,0.10695837925785023,443.95799999999997
213.51282051282053,2.0526315789473686,438.2631578947368,16652.0,0.9998799087306351,16652.0,0.23146816733937997,438.2631578947369
86.79318181818182,4.714285714285714,409.16785714285714,26591.26785714286,0.9998254296612462,26591.26785714286,0.13110883045645005,409.16785714285714
322.7210526315789,9.5,3065.85,55176.3,0.9998369130909863,55176.299999999996,0.45901196395346533,3065.8499999999995
267.9465,4.0,1071.786,20360.134,0.9998133955845663,20360.134000000002,0.429325980363554,1071.786
6.3225999999999996,10.0,63.226,6249.474,0.9984183721886566,6249.474,0.06449300701953266,63.226
129.16299999999998,5.0,645.8149999999999,38098.168333333335,0.9998709640789805,38098.16833333333,0.14925699558079494,645.8149999999999
152.95444444444445,3.375,516.22125,13418.502500000002,0.9997578557643646,13418.502500000002,0.3083695183085811,516.22125
26.890526315789472,4.75,127.72999999999999,12001.92,0.9996085492836452,12001.92,0.08258579931167027,127.72999999999999
30.00776119402985,3.9411764705882355,118.26588235294118,7801.6658823529415,0.999502616238585,7801.6658823529415,0.11352460707555277,118.26588235294118
139.456875,2.6666666666666665,371.885,5575.775000000001,0.9995518327798468,5575.775000000001,0.48189650849516885,371.885
75.17978260869565,3.5384615384615383,266.02076923076925,11967.473076923077,0.9997108380779985,11967.473076923077,0.17714182050021932,266.0207692307692
133.71625,5.142857142857143,687.6835714285714,48820.46214285714,0.9998961316303075,48820.46214285714,0.12739425189585246,687.6835714285714
188.93842105263158,9.5,1794.915,32299.47,0.9997214352768794,32299.47,0.43083474350529755,1794.915
94.24536842105263,13.571428571428571,1279.0442857142857,120216.73428571426,0.9998883094632041,120216.73428571426,0.09578714289789463,1279.0442857142857
30.05253968253968,7.875,236.66375,14665.4025,0.9994718244767101,14665.4025,0.11977907776234102,236.66375
132.105,3.8666666666666667,510.806,29112.142,0.9998694873069882,29112.142,0.15420758743917157,510.806
101.536,5.0,507.68,40101.7825,0.9998768909549323,40101.7825,0.11253050062593332,507.68
186.48647058823528,10.2,1902.1619999999998,95098.1,0.9998948564843584,95098.1,0.17961145736105796,1902.1619999999998
131.6349295774648,10.142857142857142,1335.1542857142856,93450.8,0.9998930032698201,93450.8,0.12877059553571016,1335.1542857142856
337.48478260869564,7.666666666666667,2587.383333333333,56915.1,0.9998711697145765,56915.1,0.3894354189851472,2587.383333333333
365.373,3.3333333333333335,1217.91,10958.19,0.9997263070889202,10958.19,0.8203503842582215,1217.91
122.95783783783783,37.0,4549.44,332072.62,0.9998900963635085,332072.62,0.12318792713523352,4549.44
86.6842857142857,2.0588235294117645,178.46764705882353,6065.900000000001,0.9996703966775986,6065.9,0.22907487656794728,178.4676470588235
58.493239436619724,5.916666666666667,346.08500000000004,24220.11666666667,0.999759211369076,24220.11666666667,0.1173463529495066,346.08500000000004
10.800408163265306,7.0,75.60285714285715,7326.5485714285705,0.9990552133328295,7326.548571428572,0.07106685107124029,75.60285714285715
211.05769230769232,5.571428571428571,1175.892857142857,44678.5,0.9998785117691722,44678.5,0.23117161962798952,1175.892857142857
16.866170212765958,6.266666666666667,105.69466666666668,9823.404,0.9993692523116903,9823.404,0.07838941101528075,105.69466666666666
92.27426829268292,8.2,756.649,61280.469,0.9998678383239787,61280.469,0.10892054349403896,756.6489999999999
131.2701818181818,2.8947368421052633,379.99263157894734,20516.76,0.9998614931591471,20516.76,0.16153801529303916,379.99263157894734
181.95967741935485,2.066666666666667,376.05,11279.5,0.999822718610114,11279.5,0.27863781659272974,376.05000000000007
70.10690476190476,16.8,1177.7959999999998,97740.46800000001,0.9998301913064742,97740.468,0.1033433105568627,1177.796
10.574526315789473,47.5,502.29,47168.26,0.9990045591192339,47168.26,0.07276131392312113,502.28999999999996
51.02723684210527,4.75,242.379375,18173.765625,0.9997421397757131,18173.765625,0.10872490639712112,242.379375
202.09418604651162,5.375,1086.25625,45617.5125,0.9998849258634874,45617.5125,0.21092869702285622,1086.25625
78.06536585365853,2.411764705882353,188.27529411764704,7528.658823529411,0.9996875663921416,7528.658823529411,0.19685655039543634,188.27529411764704
59.2784693877551,14.0,829.8985714285715,80486.30428571429,0.999827861924607,80486.30428571429,0.08844095550286167,829.8985714285715
127.17823529411766,17.0,2162.03,71330.49,0.9997687358639795,71330.49,0.24623382513833914,2162.03
292.533,3.3333333333333335,975.11,28274.967777777776,0.9998860527416279,28274.967777777776,0.3026591620827711,975.1100000000001
163.42375,1.7777777777777777,290.53111111111116,4356.299999999999,0.9996175586473814,4356.3,0.4918084526837984,290.5311111111111
9.083917525773195,5.105263157894737,46.37578947368421,4447.023157894737,0.9988651065664934,4447.023157894737,0.06990944869732414,46.37578947368421
75.12689999999999,50.0,3756.345,371828.65499999997,0.9998668918855964,371828.65499999997,0.08924348869705011,3756.345
65.448125,3.764705882352941,246.3929411764706,15519.049411764707,0.9997612613042772,15519.049411764707,0.13031470199191342,246.3929411764706
94.17571428571428,4.846153846153846,456.39,28291.41076923077,0.9998314531937094,28291.410769230766,0.13790947721594737,456.38999999999993
75.63,10.375,784.66125,64331.9725,0.99984069558679,64331.972499999996,0.10535775467065706,784.66125
106.74916666666667,7.2,768.5939999999999,26893.789999999997,0.9997397845936866,26893.789999999997,0.22927779955925345,768.594
80.54317647058824,4.473684210526316,360.32473684210527,30262.856842105266,0.9998539329289222,30262.856842105266,0.10389934883294728,360.32473684210527
24.211142857142857,35.0,847.39,58435.41,0.9994099529142425,58435.409999999996,0.1062186888268617,847.39
60.5312987012987,5.923076923076923,358.53153846153845,27242.550769230766,0.9997854496224984,27242.550769230766,0.10970085697435315,358.5315384615385
73.37341176470588,4.25,311.837,26190.108,0.9998396598222788,26190.108,0.10280250457586888,311.837
30.28304347826087,8.363636363636363,253.27636363636364,23039.876363636366,0.9996410676085054,23039.876363636362,0.08622148382324432,253.2763636363636
14.588783783783782,9.25,134.94625,9841.95125,0.9990737052715434,9841.95125,0.09438267692821754,134.94625
51.122375,13.333333333333334,681.6316666666667,53835.73499999999,0.9997554886681224,53835.73499999999,0.10395311128719231,681.6316666666667
152.17243243243243,2.8461538461538463,433.10615384615386,15589.052307692307,0.9998223920943169,15589.052307692307,0.23340357336258152,433.10615384615386
67.89831325301205,41.5,2817.78,231016.96,0.999822555344988,231016.96000000002,0.10405845542672422,2817.78
57.998988764044945,6.846153846153846,397.07,34935.39076923077,0.9998062732593167,34935.39076923077,0.0960568757867853,397.07
95.91192771084337,4.15,398.0345,32634.729,0.999874382748229,32634.729,0.10822013203010511,398.03450000000004
43.81775510204082,9.8,429.41400000000004,41643.458,0.9997671244998999,41643.458,0.08535721001571649,429.41400000000004
109.4149019607843,12.75,1395.04,69739.5,0.9998207936689987,69739.5,0.16915632801567443,1395.04
132.09911764705882,8.5,1122.8425,75222.0725,0.9998886753930316,75222.0725,0.13386853290073936,1122.8425
86.531,5.384615384615385,465.93615384615384,32144.28692307692,0.9998349064001836,32144.28692307692,0.12441425676123957,465.9361538461539
162.27093023255813,14.333333333333334,2325.883333333333,97673.09999999999,0.9998566852736953,97673.09999999999,0.20582482471745325,2325.883333333333
62.91081967213115,20.333333333333332,1279.1866666666667,76731.2,0.9997394177550318,76731.2,0.1352883938844652,1279.1866666666665
108.65112903225807,5.166666666666667,561.3641666666666,34238.130833333336,0.9998515520970493,34238.130833333336,0.14218187876056013,561.3641666666667
57.4755421686747,5.533333333333333,318.03133333333335,26073.102666666666,0.9997903770488024,26073.10266666667,0.10205060375329081,318.03133333333335
89.29316455696203,4.9375,440.885,34384.155,0.9998582396770133,34384.155,0.11216927585702414,440.885
74.96783505154639,48.5,3635.94,349002.24,0.9998624839793837,349002.24,0.0916677333409381,3635.9399999999996
141.628085106383,5.222222222222222,739.6133333333333,34017.102222222224,0.9998497713519976,34017.102222222224,0.18730536392445626,739.6133333333335
315.8925925925926,5.4,1705.8200000000002,44346.12,0.9998827543351584,44346.12,0.3352310787020122,1705.8200000000002
45.90792452830188,3.3125,152.07,7904.39,0.9995890050634576,7904.389999999999,0.1471118804413613,152.07
253.56733333333335,15.0,3803.51,110287.29,0.999868542477869,110287.29000000001,0.29789422613837335,3803.51
75.90321428571428,8.4,637.587,52911.420999999995,0.9998431586591321,52911.420999999995,0.1042889979917095,637.587
98.52319587628865,19.4,1911.35,183470.4,0.9998953619169699,183470.4,0.09448456690811934,1911.3499999999997
107.0976,1.9230769230769231,205.9569230769231,4941.12,0.9996265089040277,4941.12,0.31570465572428935,205.9569230769231
135.69583333333333,4.0,542.7833333333333,5966.95,0.9993858814137009,5966.95,0.6162768759309105,542.7833333333333
212.73333333333332,1.875,398.875,5582.5,0.9996866186148542,5582.5,0.537872641751883,398.875
33.60493670886076,4.9375,165.924375,12937.22625,0.9996233223720142,12937.22625,0.09979899790509601,165.92437500000003
86.57388235294117,7.083333333333333,613.2316666666667,51504.46,0.9998641079091916,51504.46,0.10474881690721771,613.2316666666666
100.46089552238806,13.4,1346.176,88834.416,0.9998514310164497,88834.416,0.13155912196853148,1346.176
93.66388888888889,2.8421052631578947,266.2026315789474,14105.950000000003,0.9998022875332403,14105.950000000003,0.15793882908888246,266.2026315789474
88.12787878787879,2.75,242.35166666666666,7752.586666666666,0.9996561470590258,7752.586666666666,0.24167565118672277,242.35166666666666
65.19688888888889,22.5,1466.93,64522.92,0.9996591521067808,64522.920000000006,0.17742387202525284,1466.93
33.02948453608248,12.125,400.4825,38434.32,0.9996878764989731,38434.32,0.0832176454830186,400.4825000000001
86.54,7.666666666666667,663.4733333333334,14589.080000000002,0.9994975934727345,14589.080000000002,0.3302652587272125,663.4733333333334
117.79643835616437,14.6,1719.828,123813.21599999999,0.9998837093011628,123813.21599999999,0.12410160927727758,1719.8279999999997
99.38787234042552,2.473684210526316,245.85421052631577,11306.872631578946,0.9997859236218298,11306.872631578946,0.17976973828258078,245.85421052631577
124.55966666666667,3.3333333333333335,415.19888888888886,12037.545555555556,0.9997323906347425,12037.545555555556,0.2741994077699275,415.1988888888889
111.8795238095238,5.25,587.3675,48746.314999999995,0.9998935930231073,48746.314999999995,0.10890761203460779,587.3675
74.2741935483871,2.3846153846153846,177.1153846153846,5311.153846153846,0.9995656894679694,5311.153846153846,0.24973389574611168,177.11538461538464
88.5884126984127,4.2,372.0713333333333,23064.289333333334,0.9998208228888009,23064.28933333333,0.13693866338515673,372.0713333333333
22.87607142857143,14.0,320.265,8633.654999999999,0.9984387928746505,8633.654999999999,0.2307962842374071,320.265
38.34423076923077,26.0,996.95,50818.95,0.9994984703345203,50818.950000000004,0.14611245766947795,996.95
138.67958333333334,2.526315789473684,350.3484210526316,16463.902105263158,0.9998497736088284,16463.902105263158,0.18340348181669588,350.3484210526316
87.35611940298507,6.090909090909091,532.0781818181817,35111.16,0.9998291433589732,35111.159999999996,0.12947292103951571,532.0781818181817
164.34056603773584,7.571428571428571,1244.292857142857,64695.799999999996,0.9998851900964977,64695.799999999996,0.17117420396902264,1244.292857142857
367.9892592592592,1.9285714285714286,709.6935714285713,18450.175714285713,0.9998993529400516,18450.175714285713,0.3408848376648824,709.6935714285713
114.76609756097561,8.2,941.082,37635.28,0.9997874786681713,37635.28,0.20625532169663158,941.0819999999999
167.139,10.0,1671.39,81888.31000000003,0.999880339118937,81888.31000000001,0.18061697613950564,1671.39
27.50723404255319,11.75,323.21,14856.16,0.9992265090807834,14856.16,0.15243822612515404,323.21
286.0575,3.4285714285714284,980.7685714285715,22554.391428571427,0.9998543416387731,22554.391428571427,0.36809361124630063,980.7685714285714
180.43241379310345,3.625,654.0675,18310.39,0.999808888226368,18310.39,0.29526386547656275,654.0675
24.205844155844154,7.7,186.385,14157.66,0.9994634761381013,14157.66,0.09779739636239583,186.385
211.58782608695654,23.0,4866.52,218970.90000000005,0.9998972571776136,218970.90000000002,0.1996365556988659,4866.52
86.28825,2.857142857142857,246.53785714285715,9612.190714285714,0.9997102734149782,9612.190714285714,0.20366432224947134,246.53785714285715
213.2175,2.1818181818181817,465.2018181818182,10697.550909090909,0.9998045813938035,10697.55090909091,0.35584860840927673,465.20181818181817
17.476901408450704,8.875,155.1075,10848.775,0.9991941073126701,10848.775,0.1003318305153893,155.1075
328.2608,3.5714285714285716,1172.3600000000001,28133.21142857143,0.9998781456695407,28133.21142857143,0.3605073695704627,1172.3600000000001
49.969722222222224,12.0,599.6366666666667,42562.37,0.9997220539104236,42562.37,0.11372338035369206,599.6366666666667
111.74272727272728,9.777777777777779,1092.5955555555556,95046.14666666667,0.9998983053605278,95046.14666666667,0.10447199960818786,1092.5955555555556
99.4479775280899,5.235294117647059,520.639411764706,45811.09176470589,0.9998870167565448,45811.09176470589,0.10211540492421452,520.6394117647059
127.6141791044776,13.4,1710.03,112848.78,0.99988304298755,112848.78,0.13512991202442634,1710.03
63.64754385964912,6.333333333333333,403.1011111111111,22567.44,0.9997243592040598,22567.44,0.14379670182229995,403.1011111111111
133.27333333333334,5.7,759.658,42535.248,0.9998683618154486,42535.248,0.15676234078936907,759.658
160.9569696969697,2.0625,331.97375,10621.16,0.9998117321023123,10621.16,0.259928624901979,331.97375
226.72619047619048,2.3333333333333335,529.0277777777778,10578.333333333334,0.9997899711210292,10578.333333333334,0.40325073894251495,529.0277777777778
260.4822222222222,6.75,1758.255,45708.13,0.9998578135708417,45708.130000000005,0.32808783259409796,1758.2549999999999
117.8072602739726,4.055555555555555,477.7738888888889,34395.72,0.9998837199837673,34395.72,0.12410286770785739,477.77388888888885
54.57186440677966,3.933333333333333,214.64933333333332,12445.794666666667,0.9996894159155708,12445.794666666665,0.13689925237180947,214.64933333333332
88.73157894736842,19.0,1685.8999999999999,94391.73333333334,0.9998022816695336,94391.73333333334,0.14962573883315552,1685.8999999999999
17.65107142857143,4.666666666666667,82.37166666666667,4525.858333333334,0.9989883252736579,4525.858333333334,0.12314550315072115,82.37166666666668
206.6976923076923,1.625,335.88375,4029.1050000000005,0.9996278474323335,4029.1050000000005,0.6074005122795809,335.88375
108.44131578947369,1.9,206.03850000000003,7621.574500000001,0.9997573269073499,7621.574500000001,0.2190472452127657,206.0385
58.220506329113924,8.777777777777779,511.0466666666667,39852.973333333335,0.9997825812819877,39852.973333333335,0.1067555125008992,511.04666666666674
145.37184615384615,13.0,1889.834,120936.576,0.9998941705991108,120936.576,0.14082587978373257,1889.8339999999998
97.12747252747253,18.2,1767.72,159076.8,0.9998868599099405,159076.8,0.09985586562691151,1767.72
81.36818181818181,1.5714285714285714,127.86428571428571,1277.2142857142858,0.9988827439807831,1277.2142857142858,0.6178981438760182,127.8642857142857
59.61151162790698,12.285714285714286,732.37,62239.30714285715,0.9998049385654012,62239.30714285715,0.0993278604627135,732.3700000000001
287.285,2.0,574.57,2871.183333333333,0.9994198560082612,2871.183333333333,1.2420390372695154,574.57
61.03819672131147,3.05,186.16649999999998,11166.99,0.9997314232152401,11166.99,0.13479301160884571,186.16649999999998
181.95292682926828,20.5,3730.035,149181.4,0.999865953000441,149181.4,0.21749561162272682,3730.035
52.482926829268294,5.857142857142857,307.40000000000003,24893.614285714288,0.9997676363974348,24893.614285714288,0.10203911171609456,307.4
96.30738095238095,5.6,539.3213333333333,44758.13733333333,0.999876387855354,44758.13733333333,0.10712335428707183,539.3213333333333
90.216,20.0,1804.32,142521.53,0.99986144364636,142521.53,0.11105291787004837,1804.32
106.01247191011237,4.45,471.75550000000004,41510.084,0.9998940128943914,41510.084,0.10283363052193517,471.75550000000004
99.7988888888889,3.0,299.3966666666667,15865.078888888891,0.9998144416363278,15865.078888888891,0.1591137240081824,299.3966666666667
160.8452,10.0,1608.452,78804.348,0.9998756568427283,78804.348,0.17984930834401422,1608.452
103.055625,2.2857142857142856,235.5557142857143,7300.012857142857,0.999696765702988,7300.012857142858,0.25315639980622867,235.5557142857143
338.83750000000003,2.4,813.21,8943.11,0.999754061066637,8943.11,0.6925356076008806,813.21
122.61970588235293,3.090909090909091,379.00636363636363,12504.21,0.9997601383521983,12504.21,0.24516024318638532,379.0063636363636
48.83521739130435,1.6428571428571428,80.22928571428572,1763.4728571428573,0.9991096945361955,1763.4728571428573,0.30538895375503555,80.22928571428571
121.86232558139535,2.263157894736842,275.7936842105263,11581.124210526315,0.9998091632188821,11581.124210526315,0.1991649312645144,275.7936842105263
10.700505050505049,7.615384615384615,81.48846153846154,7978.33076923077,0.9990560249209423,7978.330769230768,0.07035768476232626,81.48846153846152
7.204646464646465,49.5,356.63,34900.74,0.998597986708914,34900.74,0.06636208091237175,356.63
85.90509433962265,3.533333333333333,303.53133333333335,15780.162666666667,0.9997803631475717,15780.162666666667,0.15893462351416826,303.53133333333335
37.429102564102564,9.75,364.93375,28090.27375,0.9996574720754108,28090.273749999997,0.10229688938382885,364.93375
25.14169230769231,10.833333333333334,272.36833333333334,17420.906666666666,0.9993880835388351,17420.906666666666,0.11382945824821447,272.3683333333334
145.5737037037037,18.0,2620.3266666666664,138859.64666666667,0.9998727893977595,138859.64666666667,0.16610493628861014,2620.326666666667
105.5710294117647,13.6,1435.766,96182.92199999999,0.9998607015349298,96182.92199999999,0.13057193670761477,1435.7659999999998
16.98769230769231,8.272727272727273,140.53454545454545,12639.927272727275,0.9993531192589334,12639.927272727275,0.08069613853265008,140.53454545454548
66.30604166666667,6.0,397.83625,37788.50625,0.9998429001882055,37788.50625,0.0912357209448123,397.83625000000006
149.94905660377358,2.65,397.365,20660.379999999997,0.9998741711021353,20660.38,0.16944504768532148,397.365
82.52117021276595,5.875,484.811875,45081.691875,0.9998710840158361,45081.691875,0.09528031543970064,484.811875
23.594651162790697,2.15,50.728500000000004,2128.4970000000003,0.9990143607636733,2128.4970000000003,0.16098186410215487,50.7285
362.5042105263158,1.7272727272727273,626.1436363636363,11268.949090909091,0.9998548111237908,11268.949090909091,0.4651302667704591,626.1436363636363
141.5811475409836,5.083333333333333,719.7041666666668,43177.25000000001,0.9998842116841992,43177.25000000001,0.14858601471695587,719.7041666666667
82.75225806451614,3.263157894736842,270.03368421052636,16468.844210526317,0.9998050925420608,16468.844210526317,0.1377900917212689,270.03368421052636
311.05533333333335,5.0,1555.2766666666666,21769.20666666667,0.9997856758604579,21769.206666666665,0.5632014012094263,1555.2766666666666
97.53181818181818,5.2105263157894735,508.1921052631579,49797.66842105263,0.9998964336942617,49797.66842105263,0.09267978298209403,508.1921052631579
89.40380952380951,3.7058823529411766,331.32,20538.192941176472,0.9998224570523611,20538.19294117647,0.13708409555216317,331.32
37.49011111111111,4.5,168.7055,15010.339500000002,0.9997036255486632,15010.339500000002,0.09026540960918879,168.7055
264.651875,1.6,423.44300000000004,13125.183,0.9998819203529165,13125.183,0.28262972455961394,423.44300000000004
139.53181818181818,2.5384615384615383,354.19615384615383,11331.815384615385,0.9997828235115266,11331.815384615385,0.25560000678923644,354.19615384615383
256.8673529411765,4.25,1091.68625,36021.52125,0.9998854982372453,36021.52125,0.2669094217603375,1091.68625
150.11463414634147,2.411764705882353,362.0411764705882,14479.29411764706,0.999837522543747,14479.29411764706,0.21280417796511195,362.04117647058825
315.0676923076923,1.8571428571428572,585.1257142857143,14626.357142857143,0.9998779261111167,14626.357142857143,0.3465724634605819,585.1257142857144
72.22860465116278,5.733333333333333,414.11066666666665,35193.74,0.9998390124378991,35193.74,0.10156027267436525,414.11066666666665
203.4122222222222,6.428571428571429,1307.6499999999999,57530.31428571429,0.9998907527680518,57530.31428571428,0.20270882358150186,1307.6499999999999
88.64630434782609,4.6,407.773,37102.793,0.9998773827595255,37102.793,0.09789611870191842,407.77299999999997
54.166989247311825,8.454545454545455,457.9572727272727,42123.70545454545,0.9998014900159404,42123.70545454545,0.09166313076959348,457.9572727272727
66.89977528089888,8.9,595.408,52387.104,0.999832047940236,52387.104,0.09766103345877268,595.408
79.79130434782608,9.2,734.08,66792.18000000001,0.9998637750653879,66792.18000000001,0.096752207690163,734.0799999999999
113.07493333333335,7.5,848.0620000000001,62749.188,0.9998820840929081,62749.188,0.12060718452427807,848.0620000000001
6.837878787878789,49.5,338.475,33121.55,0.9985227860255558,33121.55,0.06583431732263757,338.475
84.47347826086957,46.0,3885.78,353560.48000000004,0.9998713257055212,353560.48000000004,0.09737202386315678,3885.78
105.37860465116279,3.0714285714285716,323.66285714285715,13590.84,0.9997793118059354,13590.839999999998,0.1957851102155982,323.66285714285715
201.300303030303,1.65,332.14549999999997,10627.056,0.9998494635634083,10627.056,0.26670622422659773,332.14549999999997
182.6397619047619,2.4705882352941178,451.22764705882355,18497.921764705883,0.9998696366904928,18497.921764705883,0.21298060278268247,451.22764705882355
56.10381443298969,6.928571428571429,388.7192857142857,37310.194285714286,0.9998162463915385,37310.194285714286,0.08867953383689185,388.7192857142857
81.47686274509803,4.636363636363637,377.75636363636363,18883.272727272728,0.9997593446473437,18883.272727272728,0.16337538666603527,377.75636363636363
22.685263157894735,2.533333333333333,57.46933333333333,2123.8986666666665,0.9988399610226905,2123.8986666666665,0.17787635982366765,57.469333333333324
83.43469879518072,20.75,1731.27,141943.63999999998,0.9998555973360596,141943.63999999998,0.10654102269078775,1731.27
99.40302083333334,48.0,4771.345,453230.275,0.9998952077454052,453230.275,0.09545344474318723,4771.345
65.99816666666666,7.5,494.98625,29196.81375,0.9997474677326895,29196.813749999998,0.13806619210141563,494.98625
189.85451612903225,6.2,1177.098,35306.939999999995,0.9998300906126761,35306.939999999995,0.2800079122180679,1177.098
37.958414634146344,10.25,389.07375,31504.84875,0.9996787241493418,31504.84875,0.09808793239045809,389.07375
63.45755813953489,28.666666666666668,1819.1166666666668,154596.58333333334,0.999816760882113,154596.58333333334,0.10005486747597843,1819.1166666666668
307.82,3.3333333333333335,1026.0666666666666,9231.6,0.9996751348190502,9231.6,0.8032100289545854,1026.0666666666666
195.01105263157896,5.428571428571429,1058.6314285714286,39164.07714285714,0.9998650548821795,39164.07714285714,0.23449058939067938,1058.6314285714286
28.089263157894738,31.666666666666668,889.4933333333333,83581.04,0.9996252548267178,83581.04,0.08304488737788021,889.4933333333335
158.11147540983606,20.333333333333332,3214.933333333333,192876.0,0.9998963171864631,192876.0,0.15039629818019873,3214.933333333333
391.4288235294118,3.4,1330.858,21290.528,0.9998497210070496,21290.528,0.517824531672709,1330.858
52.126666666666665,2.142857142857143,111.7,1561.8,0.99872106407469,1561.8,0.44411512367536454,111.69999999999999
121.60682926829269,27.333333333333332,3323.92,269210.52,0.9998997168002438,269210.52,0.11228673630445288,3323.92
43.923269230769236,10.4,456.802,23286.701999999997,0.9995621735456499,23286.702,0.1487247682509621,456.8020000000001
45.08958333333334,12.0,541.075,25418.775,0.9995379568451693,25418.775,0.1599969221358434,541.075
187.31228571428574,2.6923076923076925,504.3023076923077,17143.663076923076,0.9998474663396344,17143.663076923076,0.2510892932161285,504.3023076923078
54.195957446808514,31.333333333333332,1698.14,157896.02,0.9998037068007741,157896.02,0.09080745853278405,1698.14
61.10586956521739,8.363636363636363,511.0672727272727,46498.84909090909,0.999822119130376,46498.84909090909,0.09385213590771553,511.06727272727267
75.53348837209302,3.909090909090909,295.2672727272727,12397.407272727274,0.9996921125390248,12397.407272727274,0.1880413076326637,295.2672727272727
28.01837837837838,6.7272727272727275,188.48727272727274,13752.934545454546,0.9995176910907899,13752.934545454546,0.1032016994421451,188.48727272727274
77.66341176470588,42.5,3300.695,277216.38,0.999848516751775,277216.38,0.10347100602236212,3300.695
131.10413793103447,4.833333333333333,633.67,17738.093333333334,0.9997369819201374,17738.093333333334,0.28425130287668304,633.67
328.04833333333335,1.8461538461538463,605.6276923076923,13927.667692307692,0.9998729861961397,13927.667692307692,0.3738006160666493,605.6276923076923
46.301208791208786,18.2,842.682,75823.38,0.9997626625464886,75823.37999999999,0.0917145887370299,842.6819999999999
57.032111111111114,6.428571428571429,366.63500000000005,32624.157857142858,0.9998051779796566,32624.157857142858,0.09492693480408548,366.63500000000005
91.8246511627907,21.5,1974.23,167788.3,0.9998733683512053,167788.3,0.10435148940717431,1974.23
119.34184210526315,19.0,2267.495,83878.815,0.999779492347282,83878.815,0.22156784624934578,2267.495
371.79192307692307,4.333333333333333,1611.0983333333334,40273.291666666664,0.9998965509036796,40273.291666666664,0.3529396495859449,1611.0983333333331
248.499375,2.6666666666666665,662.665,20540.031666666666,0.9998742451565522,20540.031666666666,0.28066175728883447,662.665
176.75574074074072,4.153846153846154,734.2161538461538,38909.37923076923,0.9998952310208374,38909.37923076923,0.16969912648614688,734.2161538461538
68.11413793103448,5.2727272727272725,359.1472727272727,20466.212727272727,0.9997468751740235,20466.212727272727,0.1427866863379868,359.1472727272727
62.167978723404254,13.428571428571429,834.8271428571428,77625.63857142857,0.9998288781766628,77625.63857142857,0.09226739189290806,834.8271428571428
99.53657142857143,23.333333333333332,2322.52,160230.88,0.9998564777339556,160230.88,0.12641457672470208,2322.52
101.01850746268656,13.4,1353.648,89327.568,0.9998522511022069,89327.568,0.13164173674104837,1353.648
134.29676056338027,5.916666666666667,794.5891666666666,55615.40833333333,0.9998951240001386,55615.40833333333,0.12905256139973884,794.5891666666666
64.25326086956522,2.5555555555555554,164.20277777777778,7386.625,0.9996616649467969,7386.625,0.17372769286544007,164.20277777777778
34.315862068965515,29.0,995.16,85555.09333333334,0.999665045486823,85555.09333333334,0.09197144617148531,995.16
353.4323076923077,5.2,1837.848,45941.2,0.999891177072315,45941.2,0.35099186589786907,1837.848
66.0696875,5.333333333333333,352.37166666666667,10918.355,0.9995270145632216,10918.355,0.2392639362186981,352.37166666666667
168.95470588235295,3.4,574.446,18953.417999999998,0.9998259192334875,18953.417999999998,0.25458797620844126,574.446
86.02367816091954,12.428571428571429,1069.1514285714286,91934.73714285715,0.9998663826853339,91934.73714285715,0.10253483568350572,1069.1514285714286
52.1168115942029,5.75,299.6716666666667,20372.006666666664,0.9997219178767874,20372.006666666664,0.11866078377765359,299.6716666666667
74.59966101694916,29.5,2200.69,127611.02,0.9997727985313696,127611.02,0.14219785435756588,2200.69
67.41197674418605,17.2,1159.486,98539.31000000003,0.9998275097758835,98539.31000000001,0.10075779063821969,1159.486
56.932168674698794,8.3,472.537,38739.834,0.9997883763599464,38739.833999999995,0.1019361583583172,472.53700000000003
220.19299999999998,1.6666666666666667,366.9883333333333,6971.195,0.9997729264781352,6971.195,0.41951183540274045,366.98833333333334
93.05567567567567,5.285714285714286,491.86571428571426,17702.022857142856,0.9997095606814868,17702.022857142856,0.22011124026620205,491.86571428571426
102.19533333333334,6.0,613.172,36171.248,0.9998369136229314,36171.24800000001,0.14535384294747838,613.172
89.45965517241379,5.8,518.866,44616.742666666665,0.9998715146749514,44616.742666666665,0.10298500990927545,518.866
18.996444444444446,11.25,213.71,9392.24,0.9988301904449955,9392.24,0.15002031815382202,213.71
25.62753846153846,32.5,832.895,53273.28,0.999399684233907,53273.28,0.11412391945171689,832.895
66.8531,7.142857142857143,477.5221428571429,47267.62071428572,0.9998504183052096,47267.62071428572,0.08807667860936565,477.52214285714285
74.86040404040405,11.0,823.4644444444444,80688.62666666666,0.9998650687205006,80688.62666666666,0.09000752474622846,823.4644444444446
78.98933333333333,4.166666666666667,329.1222222222222,24350.933333333334,0.9998312008372439,24350.933333333334,0.11582401247720156,329.12222222222226
338.9913793103448,1.7058823529411764,578.2794117647059,16190.176470588236,0.9998982783612643,16190.176470588236,0.31700932783726166,578.2794117647059
56.692921348314606,4.684210526315789,265.56157894736845,23364.787368421054,0.9998018102650391,23364.787368421054,0.09580096324412497,265.5615789473684
22.312153846153844,32.5,725.145,46377.28,0.99931048273104,46377.28,0.11199259716026594,725.145
130.09962264150943,26.5,3447.64,179251.28,0.9998549732570685,179251.28,0.16676589431207414,3447.64
99.36967213114754,4.6923076923076925,466.2730769230769,27971.76923076923,0.9998350256947481,27971.76923076923,0.14278230855632656,466.2730769230769
156.47815789473685,3.1666666666666665,495.51416666666665,18330.940833333334,0.999831824518976,18330.940833333334,0.2286974366789083,495.51416666666665
110.09899999999999,6.25,688.11875,33711.69375,0.9998183453074052,33711.69375,0.17226805932926798,688.11875
94.92979797979797,4.95,469.9025,46045.545,0.9998935949478881,46045.545,0.09240664141342948,469.9025
106.12692307692308,4.333333333333333,459.8833333333334,5514.600000000001,0.9992751784872975,5514.600000000001,0.5561219325226957,459.8833333333333
11.157432432432433,10.571428571428571,117.95,8599.921428571428,0.9987888330406348,8599.921428571428,0.09075906695822969,117.95
17.12378947368421,5.0,85.61894736842105,8043.233684210526,0.9993852811723918,8043.233684210526,0.07783521669033962,85.61894736842105
72.18285714285715,2.9166666666666665,210.53333333333333,7155.3,0.9996041798606714,7155.3,0.22384430410003936,210.53333333333333
121.86061224489796,3.5,426.51214285714286,20469.15428571429,0.9998325286334168,20469.15428571429,0.1774428197364203,426.51214285714286
25.03916666666667,5.052631578947368,126.51368421052632,12013.800000000001,0.9995839850900254,12013.800000000001,0.08109155684438274,126.51368421052632
149.8281818181818,6.6,988.866,31637.311999999998,0.9997977481276533,31637.311999999998,0.25775747710554003,988.8659999999999
54.75741573033708,8.9,487.341,42877.208,0.9997948048696909,42877.208,0.09541066490321416,487.341
70.56615384615385,16.25,1146.7,73372.8,0.9997819830818871,73372.8,0.12970673680252537,1146.7
179.02444444444444,3.75,671.3416666666667,29535.36666666667,0.9998758704584104,29535.36666666667,0.19987077438732442,671.3416666666667
207.42434782608697,2.875,596.345,13116.84,0.9997903897911444,13116.84,0.36827221305788294,596.345
62.470000000000006,4.666666666666667,291.5266666666667,7866.72,0.9994282970111367,7866.72,0.2666746768457387,291.5266666666667
32.07568965517242,29.0,930.195,52992.615,0.9994624782975612,52992.615000000005,0.12980243831288557,930.1950000000002
68.16999999999999,13.8,940.7459999999999,63957.128000000004,0.9997874027633389,63957.12799999999,0.12255233463727469,940.7459999999999
73.86614457831325,9.222222222222221,681.21,55850.108888888884,0.9998368915442947,55850.10888888889,0.10507343621678934,681.2099999999999
237.280625,2.4615384615384617,584.0753846153846,18103.952307692307,0.9998682994028695,18103.952307692307,0.27921810672514874,584.0753846153846
24.529444444444444,9.0,220.765,7718.025,0.998867574117274,7718.025,0.1884275874573702,220.765
95.66171717171717,7.071428571428571,676.465,66286.56999999999,0.9998944090656152,66286.56999999999,0.09248422261622925,676.4649999999999
96.66102040816327,2.7222222222222223,263.1327777777778,12627.706666666669,0.9997888687375829,12627.706666666669,0.1727149085948246,263.1327777777778
68.5724,12.5,857.155,41988.345,0.9997083374652191,41988.345,0.1627982625368218,857.155
23.555000000000003,22.0,518.21,22261.530000000002,0.9990351401941298,22261.530000000002,0.1578074487743242,518.21
43.51472222222222,4.8,208.87066666666666,14825.084,0.9996808232207491,14825.084,0.11180229780197669,208.87066666666664
209.43925,5.714285714285714,1196.7957142857142,46669.46142857143,0.9998806336443624,46669.46142857143,0.22583282938228172,1196.7957142857142
34.58209677419355,12.4,428.81800000000004,26145.698,0.9995336016678404,26145.698,0.12371726611163866,428.81800000000004
52.9378125,2.6666666666666665,141.1675,4373.609166666666,0.999409684712605,4373.609166666666,0.2323391805744468,141.1675
148.44918032786885,4.357142857142857,646.8142857142857,38804.57142857143,0.9998895686551671,38804.57142857143,0.14936256629231282,646.8142857142856
28.893076923076922,3.611111111111111,104.33611111111111,6673.955555555555,0.9994675328132904,6673.955555555555,0.11596906589972233,104.33611111111111
120.48963855421687,10.375,1250.08,102496.31,0.9999000063995904,102496.31,0.11096872734853337,1250.08
35.93181818181818,6.285714285714286,225.85714285714286,19643.35714285714,0.9996837444655282,19643.35714285714,0.0915790911110161,225.85714285714283
274.8470588235294,2.125,584.05,9342.8,0.999785977227977,9342.8,0.49702518454597305,584.05
45.84395833333334,5.052631578947368,231.63263157894738,22000.100000000002,0.9997727799464668,22000.100000000002,0.0873915792835676,231.63263157894738
15.048736842105264,13.571428571428571,204.23285714285717,19184.46,0.9993005183159279,19184.46,0.0764754836685886,204.23285714285714
41.802083333333336,1.7142857142857142,71.66071428571429,1646.5535714285713,0.9990032394717167,1646.5535714285713,0.2879583337144594,71.66071428571429
85.12416666666667,3.0,255.3725,2806.3475,0.9990210378956231,2806.3475,0.5774181353903792,255.3725
301.7816666666667,15.0,4526.725,131260.52500000002,0.9998895448696352,131260.52500000002,0.30369670598398096,4526.725
17.118279569892472,7.75,132.66666666666666,12197.666666666666,0.9993718592964825,12197.666666666666,0.0792768426495089,132.66666666666666
70.352,42.5,2989.96,251114.64,0.999832773682591,251114.64,0.10230779375210318,2989.96
28.29082191780822,7.3,206.523,14862.456,0.9995157924298991,14862.456,0.10456160108682334,206.523
77.83435897435898,3.9,303.554,23369.807999999997,0.9998352846610488,23369.807999999997,0.11168322810826116,303.55400000000003
65.45830188679246,3.533333333333333,231.286,12023.405333333332,0.9997117565842001,12023.405333333332,0.15380575926517395,231.286
117.1842857142857,2.3333333333333335,273.43,5466.377777777778,0.9995936396477668,5466.377777777777,0.3718223916638359,273.43
53.6871875,9.6,515.397,48953.215000000004,0.9998059748116501,48953.215000000004,0.08903669344243333,515.3969999999999
93.3853125,1.7777777777777777,166.01833333333332,5144.846111111111,0.9996653649362688,5144.846111111111,0.25007718693504793,166.01833333333332
79.31689655172414,2.4166666666666665,191.6825,5364.776666666667,0.9995652533051617,5364.776666666667,0.2669223105931373,191.6825
33.53163265306122,2.7222222222222223,91.28055555555555,4378.799999999999,0.9993913757950152,4378.799999999999,0.1511083581573583,91.28055555555555
115.15360000000001,8.333333333333334,959.6133333333333,23022.72,0.9996526378680302,23022.72,0.3186057085686183,959.6133333333335
65.39616666666667,15.0,980.9425,57860.8575,0.9997451430639408,57860.8575,0.1379134700884646,980.9425000000001
29.271041666666665,5.333333333333333,156.11222222222221,14825.383333333335,0.9996441306467571,14825.383333333335,0.08271819666396026,156.11222222222221
25.729882352941175,6.538461538461538,168.23384615384614,14125.181538461537,0.9995427609920259,14125.181538461537,0.09047416835769814,168.23384615384614
30.372000000000003,5.714285714285714,173.55428571428573,6763.045714285715,0.9991768734360594,6763.045714285715,0.1775600146366231,173.55428571428573
136.3965,10.0,1363.965,53184.885,0.9998167108393543,53184.884999999995,0.21511113848425079,1363.9650000000001
82.73727272727272,3.142857142857143,260.0314285714286,11178.28,0.9997253079298107,11178.28,0.18636045073741758,260.03142857142853
166.62415094339622,3.3125,551.9425,28697.76,0.9998867635668572,28697.76,0.17143457729102804,551.9425
53.65285714285714,23.333333333333332,1251.8999999999999,86358.09999999999,0.9997337380514951,86358.09999999999,0.1175861423561961,1251.8999999999999
159.071,3.076923076923077,489.4492307692308,19085.52,0.9998428374750897,19085.52,0.21895575243862403,489.4492307692308
73.18014084507043,4.4375,324.736875,22727.20625,0.9998075364862706,22727.20625,0.12050146424323051,324.736875
24.007868852459016,3.8125,91.53,5488.05,0.9993171637714411,5488.05,0.11949599196125359,91.53
100.41215384615384,5.0,502.0607692307692,32126.966153846155,0.9998467853263242,32126.966153846155,0.1351333926780208,502.0607692307692
155.9227272727273,6.875,1071.96875,57879.5625,0.9998833921231378,57879.5625,0.16466715875938692,1071.96875
15.996875,16.0,255.95,16109.1,0.9990232467278766,16109.099999999999,0.10830119490661692,255.95
216.06942857142857,3.1818181818181817,687.4936363636364,23371.692727272726,0.9998677673710701,23371.692727272726,0.25516993845994035,687.4936363636364
77.04544444444444,7.5,577.8408333333333,51420.4175,0.9998557849696211,51420.4175,0.09826894561868817,577.8408333333333
92.3504255319149,4.947368421052632,456.89157894736843,42486.02210526316,0.9998848051017517,42486.02210526316,0.0964775010289553,456.89157894736843
13.005862068965516,10.875,141.43875,12152.9825,0.9991162252211646,12152.9825,0.08081963566506245,141.43875
67.98652173913044,5.75,390.9225,17585.8875,0.9996802435265302,17585.8875,0.17495545374566063,390.9225
88.77530120481929,5.533333333333333,491.22333333333336,40274.84666666667,0.9998642844055996,40274.84666666667,0.10728854312676345,491.22333333333336
106.11098765432098,5.0625,537.186875,42969.95,0.9998836531514289,42969.95,0.11183870067097704,537.186875
169.95222222222222,3.0,509.8566666666667,13253.384444444446,0.9997820738290282,13253.384444444446,0.31227237843711847,509.8566666666667
67.7056923076923,3.611111111111111,244.49277777777777,15643.982222222221,0.99977277220186,15643.982222222221,0.12907011580974798,244.49277777777777
75.20631578947369,4.75,357.23,13212.885,0.9996500853791674,13212.885,0.20941635193993832,357.23
48.635000000000005,2.3529411764705883,114.43529411764706,4460.682352941177,0.999485966896268,4460.682352941177,0.1893305722608835,114.43529411764708
160.6827868852459,15.25,2450.4125,147009.75,0.9998979763611229,147009.75,0.15066075439071167,2450.4125
91.44347368421052,7.916666666666667,723.9274999999999,68041.35166666667,0.9998848871836843,68041.35166666667,0.0954694515688212,723.9274999999999
85.60625,2.909090909090909,249.03636363636363,7717.3090909090915,0.9996349565598306,7717.3090909090915,0.2473591936656475,249.03636363636366
44.015882352941176,8.5,374.135,31418.940000000002,0.9997327168000855,31418.939999999995,0.0967906092687542,374.135
35.84823529411764,7.083333333333333,253.92499999999998,21322.7,0.9996718191066917,21322.7,0.09437583056015958,253.92499999999995
48.9030303030303,2.75,134.48333333333332,4300.8,0.9993803445284425,4300.8,0.22382869470952746,134.48333333333332
117.23311688311689,4.052631578947368,475.1026315789474,36103.8,0.999889220611613,36103.8,0.11828532242005294,475.10263157894735
47.0756338028169,11.833333333333334,557.0616666666666,38982.65,0.9997008111011049,38982.65,0.11428782274895233,557.0616666666667
89.42987341772152,13.166666666666666,1177.4933333333333,91831.48,0.9998584563819186,91831.48,0.11218864092898649,1177.4933333333333
53.4453125,3.3684210526315788,180.02631578947367,11338.342105263158,0.9997076450811285,11338.342105263158,0.12714909403439145,180.02631578947367
11.404100000000001,5.2631578947368425,60.021578947368425,5936.925789473684,0.9991231223858086,5936.925789473685,0.07039143125853105,60.02157894736843
83.096875,2.823529411764706,234.6264705882353,11024.679411764706,0.9997492886064208,11024.679411764708,0.17273350222432024,234.6264705882353
163.57470588235293,3.4,556.154,18349.782,0.99982019368736,18349.782,0.2536361860973663,556.154
38.79029411764706,11.333333333333334,439.6233333333333,14496.57,0.9992417751560045,14496.57,0.2113097231866242,439.62333333333333
273.39666666666665,1.7647058823529411,482.4647058823529,13989.770588235295,0.999878077030932,13989.770588235293,0.3004040371243141,482.4647058823529
25.48831578947368,7.3076923076923075,186.26076923076923,17501.28153846154,0.9995870140704306,17501.281538461535,0.08202207404655655,186.2607692307692
78.54368421052631,4.222222222222222,331.62888888888887,24868.0,0.999832476731018,24868.0,0.11439984601383756,331.62888888888887
139.54859649122807,3.3529411764705883,467.8982352941177,26199.00705882353,0.9998742813608288,26199.00705882353,0.15756954684870744,467.8982352941176
44.593066666666665,4.166666666666667,185.80444444444444,13745.417777777777,0.9997009998564801,13745.417777777777,0.10820088672764631,185.80444444444444
138.1494117647059,2.8333333333333335,391.42333333333335,19568.38888888889,0.9998580678492452,19568.38888888889,0.17372865541447635,391.42333333333335
206.5147619047619,5.25,1084.2025,21679.050000000003,0.9997694157687332,21679.050000000003,0.39880449208529045,1084.2025
109.60352272727273,8.8,964.5110000000001,83903.75700000001,0.9998963205188949,83903.75700000001,0.1042523446607703,964.5110000000001
309.3324,8.333333333333334,2577.77,61858.48,0.9998706892650109,61858.48,0.35813169006961443,2577.7700000000004
113.4021875,1.7777777777777777,201.6038888888889,6247.998333333333,0.9997244321234985,6247.998333333333,0.25614614325096197,201.60388888888886
122.41574074074073,5.4,661.045,35030.085,0.9998487243682354,35030.085,0.16289642609624386,661.045
137.32866666666666,5.0,686.6433333333333,9608.34,0.9995145466108072,9608.339999999998,0.5086951520415833,686.6433333333333
39.624242424242425,2.0625,81.725,2613.2,0.9992352401345977,2613.2,0.2174529901469714,81.725
155.4265,4.0,621.706,36676.72066666667,0.9998927681787425,36676.72066666667,0.15234195855479973,621.706
102.0229411764706,8.5,867.195,13867.12,0.9994234284099887,13867.12,0.43873006150270877,867.195
136.23764705882354,17.0,2316.04,76412.81999999999,0.9997841142640024,76412.81999999999,0.24825768500767217,2316.04
108.41062500000001,6.666666666666667,722.7375000000001,57089.67916666667,0.9998846976484084,57089.67916666667,0.113349409193516,722.7375000000001
93.94546666666666,5.769230769230769,541.993076923077,40101.79538461538,0.9998580736909781,40101.79538461538,0.118136034474866,541.9930769230768
34.2459420289855,3.45,118.14849999999998,8030.697999999999,0.9995768037681395,8030.697999999999,0.11257499393305137,118.1485
101.84055555555557,3.789473684210526,385.9221052631579,27396.732631578947,0.9998636212379919,27396.73263157895,0.12361214622820232,385.9221052631579
113.51123456790123,10.125,1149.30125,91934.1,0.9998912382632491,91934.1,0.11267099962558652,1149.30125
30.389684210526315,4.75,144.351,13564.294,0.9996536220739723,13564.294,0.08387347481311001,144.351
79.75252873563218,5.117647058823529,408.1452941176471,35095.43647058824,0.9998558760072466,35095.43647058824,0.1016647881390877,408.14529411764704
76.7454716981132,4.818181818181818,369.7736363636364,19223.501818181816,0.9997541493444393,19223.50181818182,0.15680728863401455,369.7736363636364
39.13473684210526,8.444444444444445,330.4711111111111,24777.0,0.9996637796546345,24776.999999999996,0.10523347135735309,330.4711111111111
161.67116666666666,15.0,2425.0675,143064.2325,0.999896910086008,143064.2325,0.15299848331926053,2425.0675
44.9679746835443,39.5,1776.235,138507.33,0.9997185057157415,138507.33,0.103486055888334,1776.2349999999997
12.566774193548387,4.894736842105263,61.51105263157895,5654.174736842106,0.9991443557426565,5654.174736842106,0.07595328876793862,61.51105263157894
141.00107142857144,3.5,493.50375,13321.22625,0.9997467091182185,13321.226250000002,0.29574899997531057,493.50375
161.89357142857145,2.0,323.7871428571429,8740.324285714285,0.9997793965171122,8740.324285714287,0.30068370225072283,323.7871428571429
107.827,4.375,471.743125,32545.963125,0.999867512642606,32545.963125000002,0.1275574761855046,471.74312499999996
155.82213114754097,3.8125,594.071875,35640.5625,0.9998947938748993,35640.5625,0.15015719731091498,594.071875
264.1890322580645,3.4444444444444446,909.9844444444444,27296.199999999997,0.9998778977906827,27296.199999999997,0.2906661962156102,909.9844444444445
186.3464,4.545454545454546,847.0290909090909,41499.97090909091,0.9998926730003908,41499.97090909091,0.1827926062536018,847.0290909090909
51.107446808510645,10.444444444444445,533.7888888888889,49632.03333333335,0.9997918444661852,49632.03333333334,0.09018324466989257,533.788888888889
114.63857142857142,4.2,481.48199999999997,29847.750666666667,0.9998615386106506,29847.750666666663,0.14103046108673098,481.482
50.97725806451613,20.666666666666668,1053.53,64244.996666666666,0.9996836033778503,64244.99666666667,0.12997603222602883,1053.53
46.465294117647055,3.4,157.982,2524.5119999999997,0.9987340329911003,2524.5119999999997,0.3924658244070939,157.98199999999997
39.991290322580646,23.25,929.7975,85518.37,0.9997311242501729,85518.37,0.08840065786690851,929.7975
166.91333333333333,4.666666666666667,778.9288888888889,31931.52888888889,0.9998573539732625,31931.52888888889,0.21083676985516306,778.9288888888889
82.93411764705883,8.5,704.94,23254.77,0.9996453598887849,23254.77,0.2336590309978655,704.94
183.59404255319149,5.222222222222222,958.7688888888889,44098.25777777778,0.9998841106418879,44098.25777777778,0.19282711981707737,958.7688888888889
28.886,35.0,1011.01,69725.19,0.9995054450499996,69725.19,0.10874074701040477,1011.01
37.10197802197803,15.166666666666666,562.7133333333334,50629.200000000004,0.9997038160342151,50629.200000000004,0.08928054715016787,562.7133333333334
84.40306122448979,7.538461538461538,636.2692307692307,61710.653846153844,0.9998791029438433,61710.653846153844,0.09204664438823541,636.2692307692307
73.56217391304348,4.181818181818182,307.62363636363636,13838.972727272729,0.999704479499743,13838.972727272729,0.17666896410243285,307.62363636363636
57.33377049180328,7.625,437.17,26222.7,0.9997140700414027,26222.7,0.1337666176581413,437.17
182.53,6.285714285714286,1147.3314285714284,49329.10857142857,0.9998754874665683,49329.10857142857,0.20434327674983985,1147.3314285714287
15.397962962962962,7.714285714285714,118.78428571428572,6287.995714285715,0.9987973397154506,6287.995714285715,0.12450406059448993,118.78428571428572
74.67425925925926,3.857142857142857,288.0292857142857,15261.766428571429,0.9997520093442879,15261.766428571427,0.15374295353869294,288.0292857142857
122.43384615384616,3.25,397.91,20290.2225,0.9998429293056219,20290.2225,0.1684387417557608,397.91
52.6725,5.2,273.897,13963.647,0.9996348992504481,13963.647,0.1522180233903957,273.897
128.25169014084508,5.461538461538462,700.4515384615386,49026.22307692308,0.999890180729573,49026.22307692308,0.12840386675340112,700.4515384615386
85.77887640449438,5.5625,477.145,41983.259999999995,0.9998690125643148,41983.259999999995,0.10045403539509094,477.145
8.0384375,24.0,192.9225,18303.8875,0.9987041428552917,18303.8875,0.06925607203100075,192.9225
83.63468085106383,5.222222222222222,436.75888888888886,40613.41,0.9998728004009331,40613.41,0.09542290488354557,436.7588888888889
173.2119642857143,4.3076923076923075,746.1438461538462,41033.68076923078,0.9998969058348205,41033.68076923078,0.16392621004178234,746.1438461538461
108.40356321839081,14.5,1571.8516666666667,135164.91,0.9998939679422676,135164.91,0.10519274802457766,1571.851666666667
86.8504705882353,4.25,369.1145,31001.417999999998,0.9998645406777571,31001.417999999998,0.10478634314782352,369.1145
14.717555555555554,11.25,165.5725,14724.8275,0.9992450437119691,14724.8275,0.0798761189671012,165.5725
118.45224489795918,16.333333333333332,1934.72,92850.56,0.9998277097805712,92850.56,0.1768638812412071,1934.7199999999998
32.75168539325843,14.833333333333334,485.81666666666666,42737.200000000004,0.9996569350578065,42737.200000000004,0.08963585160538008,485.81666666666666
206.51297872340427,5.222222222222222,1078.4566666666667,49603.89555555556,0.999896972113442,49603.89555555556,0.19533001836376387,1078.4566666666667
112.56421875,7.111111111111111,800.4566666666666,50421.77,0.9998611903482872,50421.77,0.13878760899178294,800.4566666666666
72.73302083333333,24.0,1745.5925,165807.5375,0.9998567821527649,165807.5375,0.09219941332992199,1745.5924999999997
45.275408163265304,7.0,316.92785714285714,30735.073571428573,0.9997746219847239,30735.07357142857,0.08569113773062546,316.92785714285714
43.57574712643678,12.428571428571429,541.5842857142858,46563.962857142855,0.9997362236190648,46563.962857142855,0.09471734316864845,541.5842857142857
167.23964285714285,4.0,668.9585714285714,36788.79285714286,0.9998932242227258,36788.79285714286,0.16329963324482585,668.9585714285714
35.28208333333333,6.4,225.80533333333332,21445.173333333332,0.9997047604426232,21445.173333333332,0.08466378616938852,225.80533333333335
150.71555555555557,3.375,508.665,13222.04,0.9997542586967847,13222.04,0.30782337734484394,508.665
114.40070175438596,28.5,3260.42,182555.52,0.9998466455241962,182555.52000000002,0.1540834821224227,3260.42
99.2421649484536,5.105263157894737,506.65736842105264,48634.05473684211,0.9998961199772709,48634.05473684211,0.09455952528216187,506.65736842105264
23.518367346938778,8.166666666666666,192.0666666666667,9211.199999999999,0.9991322457480045,9211.2,0.14386942863694638,192.06666666666666
314.6658620689655,1.9333333333333333,608.3539999999999,17032.04533333333,0.9998904146818026,17032.04533333333,0.3144416258784957,608.354
41.23747252747253,45.5,1876.305,168822.45,0.9997335188042457,168822.45,0.09044183381174487,1876.305
136.96085714285715,2.3333333333333335,319.57533333333333,10863.294666666667,0.9997913898235783,10863.294666666667,0.24214409234879203,319.5753333333334
46.69860215053764,15.5,723.8283333333334,66576.87333333335,0.999769742825762,66576.87333333334,0.09006788951444572,723.8283333333334
69.66000000000001,3.6,250.776,4259.792,0.9992024755159983,4259.792,0.3963332234907789,250.77600000000004
141.89888888888888,3.6,510.83599999999996,8680.812,0.9996084849149238,8680.812,0.43586036176617315,510.83599999999996
91.969012345679,20.25,1862.3725,148969.8,0.9998657626226762,148969.8,0.11007285003277187,1862.3725
39.624722222222225,2.5714285714285716,101.89214285714286,3563.725,0.9992989786118375,3563.725,0.20174922667956233,101.89214285714287
120.9738028169014,7.1,858.914,60116.979999999996,0.9998835739084472,60116.979999999996,0.1275810407542519,858.9139999999999
83.95297297297297,24.666666666666668,2070.84,151146.98666666666,0.9998390347234296,151146.98666666666,0.1180313768880486,2070.84
145.5066037735849,4.818181818181818,701.0772727272728,36451.29090909091,0.9998703294280878,36451.29090909091,0.16887761105459914,701.0772727272728
102.89712765957447,9.4,967.233,89943.36899999999,0.9998966122950725,89943.36899999999,0.09762792032786471,967.2330000000001
237.2892,5.0,1186.446,28469.904,0.9998314293275885,28469.904,0.3475262190105641,1186.446
82.551875,2.2857142857142856,188.69,5847.175714285714,0.9996214501487701,5847.175714285714,0.24622383707546502,188.68999999999997
142.27525,4.0,569.101,22191.039,0.999824284265886,22191.039,0.21616607539405025,569.101
77.36904761904762,3.8181818181818183,295.40909090909093,12108.045454545454,0.9996922603477458,12108.045454545454,0.1925299146984382,295.40909090909093
16.223,50.0,811.15,80254.34999999999,0.9993835911976824,80254.34999999999,0.07391600174416353,811.15
54.23481927710843,10.375,562.68625,46130.0225,0.9997778513336697,46130.0225,0.10135137026583538,562.68625
294.26176470588234,1.7,500.245,8002.32,0.9998000979520035,8002.32,0.5010401806709082,500.24499999999995
130.25894736842105,12.666666666666666,1649.9466666666667,123733.5,0.9998989866339115,123733.5,0.12105602253115726,1649.9466666666665
106.29103448275862,2.0714285714285716,220.17428571428573,6162.88,0.9996755816820442,6162.88,0.2770164403492712,220.17428571428573
161.03301886792454,5.888888888888889,948.3055555555555,49306.11111111111,0.9998828319517267,49306.11111111111,0.17079059138953728,948.3055555555557
150.72704545454545,8.8,1326.398,57026.514,0.9998492156954398,57026.514,0.1999922770221187,1326.3980000000001
103.5645,6.666666666666667,690.43,54537.386666666665,0.9998793022705658,54537.386666666665,0.11277776552104805,690.43
135.46693877551022,2.5789473684210527,349.3621052631579,16766.854736842106,0.9998493494911026,16766.854736842106,0.17960301866086242,349.3621052631579
91.8121686746988,4.368421052631579,401.07421052631577,32883.76947368421,0.9998687734649447,32883.76947368421,0.10769380063864446,401.07421052631577
115.83558139534884,2.263157894736842,262.1542105263158,11008.266315789473,0.9997992342795422,11008.266315789473,0.19798539301329307,262.1542105263158
300.7422222222222,2.4545454545454546,738.1854545454545,19190.458181818183,0.9998768478973011,19190.458181818183,0.33341075404636905,738.1854545454545
63.58244444444445,6.428571428571429,408.7442857142857,36371.88428571429,0.9998252487583924,36371.88428571429,0.09613496746472348,408.74428571428575
15.279381443298968,6.928571428571429,105.86428571428571,10156.114285714284,0.9993252816948924,10156.114285714284,0.0752702606181739,105.86428571428571
90.66797752808989,14.833333333333334,1344.9083333333333,118337.26666666666,0.9998760758168151,118337.26666666666,0.1010768607335496,1344.9083333333335
118.4074074074074,8.1,959.1,76720.0,0.9998957355854448,76720.0,0.11319235108306111,959.0999999999999
153.39217391304348,2.090909090909091,320.7290909090909,7054.04,0.9997165548948136,7054.04,0.3551518298280371,320.72909090909087
48.49629032258064,12.4,601.354,36670.394,0.9996674171951961,36670.394,0.12917131761078943,601.3539999999999
29.373225806451615,10.333333333333334,303.52333333333337,9095.699999999999,0.998901786792888,9095.7,0.21980873474345772,303.52333333333337
278.31083333333333,3.0,834.9325,19200.5725,0.9998502872986738,19200.5725,0.36694968437248937,834.9325
369.0276923076923,1.7333333333333334,639.6479999999999,15989.533333333333,0.9998957760101389,15989.533333333331,0.35265262408270937,639.648
20.975797101449274,4.928571428571429,103.38071428571428,7025.0314285714285,0.9993090725681082,7025.0314285714285,0.10547066316929478,103.38071428571429
26.839,20.0,536.78,20914.92,0.9990685196914938,20914.92,0.1744683876924796,536.78
82.46370370370371,10.125,834.945,66785.6,0.9998502895400294,66785.6,0.10872601723577544,834.9450000000002
48.492253521126756,7.888888888888889,382.54999999999995,26770.722222222223,0.9997095514021407,26770.722222222223,0.11470540761991664,382.54999999999995
105.6756626506024,4.15,438.554,35957.327999999994,0.9998859889546099,35957.327999999994,0.1093881352394772,438.55400000000003
20.997166666666665,3.1578947368421053,66.30684210526316,3908.998421052632,0.999206242112031,3908.998421052632,0.11897886783679992,66.30684210526316
35.60594202898551,5.3076923076923075,188.98538461538462,12845.775384615383,0.9995929681171924,12845.775384615383,0.11313940636889455,188.98538461538462
106.19894117647058,4.473684210526316,475.10052631578947,39904.023157894735,0.999889220120728,39904.023157894735,0.10715253406069085,475.10052631578947
61.13392857142857,12.0,733.6071428571429,60877.53571428572,0.999805267513753,60877.53571428572,0.10171290246034859,733.6071428571429
120.04117647058824,2.55,306.105,15302.75,0.9998366573561361,15302.75,0.17097373439025781,306.105
274.5609090909091,1.736842105263158,476.86894736842106,15258.122105263159,0.99988963093689,15258.122105263159,0.27611153602555916,476.86894736842106
89.716875,2.6666666666666665,239.245,3586.1749999999997,0.9993033640549785,3586.1749999999997,0.45432797504382194,239.245
106.40950000000001,40.0,4256.38,336214.52,0.9998825292854491,336214.52,0.11311651866637476,4256.38
162.5563636363636,4.4,715.2479999999999,15016.007999999998,0.9997203767084983,15016.007999999998,0.3719121476425143,715.2479999999999
100.4035135135135,2.176470588235294,218.52529411764704,7864.79294117647,0.9997308159238533,7864.79294117647,0.22216527336335282,218.525294117647
59.80586956521739,6.571428571428571,393.01000000000005,17679.02142857143,0.9996365050689369,17679.02142857143,0.17216837404116236,393.01
31.15878787878788,3.6666666666666665,114.24888888888889,3652.408888888889,0.9990274644051972,3652.408888888889,0.21016981460005685,114.24888888888889
42.985074626865675,4.1875,180.0,11875.875,0.9996527777777777,11875.875,0.11888873989746257,180.0
51.83315217391304,13.142857142857142,681.2357142857143,61979.450000000004,0.9997902970442368,61979.45,0.09206324483648984,681.2357142857143
114.5225,2.0,229.045,8930.804999999998,0.9997817022855772,8930.804999999998,0.21074126910883914,229.045
226.00488372093022,2.15,485.91049999999996,20406.141,0.9998971003919445,20406.140999999996,0.21352922614225617,485.91049999999996
56.32134020618557,5.105263157894737,287.53526315789475,27598.33263157895,0.9998169560895964,27598.33263157895,0.08871942769427468,287.53526315789475
54.7161038961039,6.416666666666667,351.095,26676.88666666667,0.9997626473366655,26676.88666666667,0.10838913625849339,351.0950000000001
113.46065573770493,3.210526315789474,364.2684210526316,21852.947368421053,0.9998555142968601,21852.947368421053,0.1449562294346977,364.26842105263165
65.41864864864864,3.3636363636363638,220.04454545454544,7918.330909090908,0.9995868605117145,7918.330909090908,0.21058716967549732,220.04454545454544
91.1355844155844,12.833333333333334,1169.5733333333333,88874.90666666666,0.999857497890969,88874.90666666666,0.1150149838720266,1169.5733333333333
103.82857142857144,4.9,508.76000000000005,24415.68,0.9998034436669548,24415.68,0.1741747241954557,508.76000000000005
250.55129032258066,4.428571428571429,1109.5842857142857,33283.24285714286,0.9998712516528069,33283.24285714286,0.2889564792205816,1109.584285714286
108.62884615384615,5.777777777777778,627.6333333333333,32003.633333333335,0.9998229681165578,32003.633333333335,0.166138090560971,627.6333333333333
76.47416666666668,4.0,305.8966666666667,3361.1966666666667,0.9989103074022817,3361.1966666666667,0.5684883035798635,305.8966666666667
109.21863636363636,2.3157894736842106,252.92736842105262,10873.613684210526,0.9997919103050178,10873.613684210526,0.19267139421223892,252.92736842105265
105.18571428571428,1.6470588235294117,173.24705882352941,4676.082352941176,0.9996604644845851,4676.082352941176,0.28528328591052005,173.2470588235294
114.41363636363637,8.555555555555555,978.8722222222223,74385.84444444445,0.9998864906893988,74385.84444444445,0.11796916483998161,978.8722222222223
49.521694915254244,3.2777777777777777,162.32111111111112,9411.402222222223,0.9996577428827632,9411.402222222223,0.1352533609928728,162.32111111111112
129.0917808219178,3.8421052631578947,495.98421052631585,35707.073684210525,0.9998938845676327,35707.073684210525,0.12535593248997767,495.9842105263158
56.20112244897959,12.25,688.46375,66768.85875,0.9998184363374252,66768.85875,0.08789698171196474,688.46375
35.535268817204305,9.3,330.478,30394.776,0.9996974079969013,30394.776,0.08713037832538499,330.47800000000007
122.89929824561403,14.25,1751.315,98059.64,0.9998572501234787,98059.64,0.15534064165662773,1751.315
48.82825581395348,12.285714285714286,599.89,50978.50714285714,0.999761861103107,50978.50714285714,0.09700763318756414,599.89
333.38,3.1666666666666665,1055.7033333333334,18999.66,0.9998421273653268,18999.66,0.46072220840428324,1055.7033333333334
102.74973684210526,19.0,1952.245,146399.625,0.9998719423023236,146399.625,0.11793460042778948,1952.2450000000001
90.75978723404255,6.266666666666667,568.7613333333334,52888.60400000001,0.9998827862184725,52888.60400000001,0.09629267125434852,568.7613333333333
113.65958333333333,3.789473684210526,430.71,30576.67315789474,0.9998778027467499,30576.67315789474,0.1251371387357521,430.71
30.08896551724138,7.25,218.145,12427.14,0.9994269866373283,12427.140000000001,0.12870002622375207,218.145
276.7353333333333,2.5,691.8383333333333,20060.895,0.9998795479676129,20060.895,0.30080863185870144,691.8383333333333
33.058571428571426,3.7058823529411766,122.51117647058824,7592.045882352941,0.9995198517302144,7592.045882352941,0.12129231121228251,122.51117647058823
89.54242857142857,4.117647058823529,368.70411764705887,25436.525294117648,0.9998404587131082,25436.525294117648,0.12490296881783942,368.7041176470588
17.41492957746479,14.2,247.292,17296.44,0.9991912395063327,17296.44,0.10028179911359138,247.292
67.49044444444445,5.294117647058823,357.3023529411765,31794.674117647064,0.999835367640522,31794.674117647064,0.09679772993779602,357.3023529411765
68.47521739130435,5.111111111111111,349.9844444444445,15744.300000000001,0.9996825255725651,15744.300000000001,0.17511115839972935,349.9844444444445
77.72714285714287,5.6,435.27200000000005,23934.46,0.9997702585969231,23934.46,0.14961707528622084,435.27200000000005
94.73529411764706,5.666666666666667,536.8333333333334,17710.0,0.9996895374107418,17710.0,0.2375719749803294,536.8333333333334
10.201538461538462,4.105263157894737,41.88,3220.7073684210527,0.9987432765294325,3220.7073684210527,0.08563137647652277,41.88
88.74578947368421,4.071428571428571,361.32214285714286,20230.04,0.9998023133294192,20230.04,0.1496285482897299,361.32214285714286
143.89,4.1875,602.539375,39763.47375,0.9998962723390483,39763.47375,0.1369215184800939,602.539375
113.75259259259259,4.5,511.8866666666667,13304.720000000001,0.9996744070953205,13304.720000000001,0.29740232279994244,511.88666666666666
144.95272727272726,13.2,1913.3759999999997,124356.43999999999,0.9998954727141974,124356.43999999999,0.13887973352246266,1913.3759999999997
55.696478873239435,3.55,197.7225,13837.075,0.9997471203327896,13837.075,0.11665629304304291,197.7225
89.82602564102565,4.875,437.901875,33713.631875,0.999857273961204,33713.631875,0.1135203022799675,437.9018750000001
199.335,3.5555555555555554,708.7466666666667,21967.702222222222,0.9998432287355457,21967.702222222222,0.27377258528910337,708.7466666666667
227.0195238095238,7.0,1589.1366666666665,65147.77,0.9998951212503225,65147.77,0.21815965809613733,1589.1366666666665
52.208,1.6666666666666667,87.01333333333334,2521.7755555555555,0.9993615282459904,2521.7755555555555,0.24521443738377066,87.01333333333334
31.642999999999997,3.3333333333333335,105.47666666666666,3055.601111111111,0.9989465811290544,3055.601111111111,0.22852381122515092,105.47666666666666
95.36778947368421,7.3076923076923075,696.9184615384615,65503.104615384626,0.9998896239930949,65503.104615384626,0.0959117660684057,696.9184615384615
74.34985074626866,6.7,498.14399999999995,32870.903999999995,0.9997992548339435,32870.903999999995,0.12706678037085797,498.144
15.228846153846153,26.0,395.95,20167.95,0.9987372142947343,20167.95,0.1283545215618532,395.95
78.51931034482759,14.5,1138.53,31864.84,0.9995608372199238,31864.84,0.2665738074544036,1138.53
27.238275862068964,5.2727272727272725,143.62,8181.158181818181,0.9993670164955502,8181.158181818181,0.1269838999220783,143.61999999999998
74.7220987654321,6.230769230769231,465.57615384615383,37239.93846153846,0.999834778743955,37239.938461538455,0.10750895106914837,465.57615384615383
38.08592592592592,13.5,514.16,27237.23,0.9995137700326748,27237.23,0.14127460855894297,514.16
38.52666666666667,9.0,346.74,5886.08,0.9985579973467152,5886.08,0.3634290222287604,346.74
33.61793478260869,10.222222222222221,343.65,31262.038888888885,0.9996766736181839,31262.038888888885,0.08735704646634602,343.6499999999999
86.14430379746835,4.647058823529412,400.3176470588235,31220.188235294114,0.9998530578658124,31220.188235294114,0.11171483156540085,400.3176470588236
215.6240740740741,3.857142857142857,831.6928571428572,21620.3,0.9998282332935408,21620.3,0.3210879022085745,831.6928571428572
135.00719999999998,2.0833333333333335,281.265,6748.36,0.9997037195053301,6748.36,0.3249681574087117,281.265
134.7167741935484,4.133333333333334,556.8293333333334,33962.52266666667,0.9998802745066113,33962.52266666667,0.14565014501172754,556.8293333333334
38.85013698630137,5.214285714285714,202.57571428571427,14580.308571428572,0.999647398150956,14580.308571428572,0.10890645265735281,202.5757142857143
127.63904761904762,4.2,536.0840000000001,10717.68,0.9996269241387544,10717.68,0.3758918465544799,536.0840000000001
84.24597014925372,22.333333333333332,1881.493333333333,124156.56,0.9998228357616644,124156.56,0.1289318411257181,1881.493333333333
75.55203125,16.0,1208.8325,76140.6975,0.9997931888826616,76140.6975,0.1325578852794546,1208.8325
107.52690476190476,5.25,564.51625,23140.04125,0.9997785714760205,23140.041250000002,0.20036692169980921,564.51625
23.47542857142857,3.6842105263157894,86.48842105263158,5964.069473684211,0.9993914609804782,5964.06947368421,0.10577785033544167,86.48842105263157
115.88217391304347,2.090909090909091,242.2990909090909,5328.58,0.9996248063062557,5328.58,0.34295948472569354,242.2990909090909
189.6942857142857,1.9090909090909092,362.14363636363635,7241.054545454546,0.9997489695198791,7241.054545454546,0.3947588662600231,362.14363636363635
245.44500000000002,4.285714285714286,1051.9071428571428,30501.164285714283,0.9998641922494517,30501.16428571429,0.2968090090403708,1051.9071428571428
94.70646464646465,6.1875,585.99625,57421.5075,0.9998933440273722,57421.5075,0.09238284962099912,585.99625
158.3376923076923,2.888888888888889,457.41999999999996,11432.722222222223,0.9997570917075966,11432.722222222223,0.32010871474513203,457.41999999999996
221.1862962962963,4.5,995.3383333333333,25874.463333333333,0.9998325527500699,25874.463333333333,0.3220311919292295,995.3383333333334
136.206,11.0,1498.266,80895.564,0.999866512354949,80895.564,0.16220912056074582,1498.2659999999998
166.7027272727273,2.0,333.4054545454546,6999.605454545454,0.9997273317227726,6999.605454545454,0.37305702742479663,333.4054545454546
16.178764044943822,8.090909090909092,130.9009090909091,11511.28,0.999305512150065,11511.28,0.08171163922041393,130.90090909090912
115.4684375,7.111111111111111,821.1088888888888,51722.86,0.9998646816364861,51722.86,0.13918562980591623,821.1088888888888
131.285,4.923076923076923,646.3261538461538,40713.70153846154,0.9998809841185208,40713.70153846154,0.14119146274920055,646.3261538461538
40.439875,10.0,404.39875,31937.62625,0.9996908991434814,31937.62625,0.10102303672277954,404.39875
81.910625,10.666666666666666,873.7133333333334,82992.21111111112,0.9998728288708986,82992.21111111112,0.09343725943012711,873.7133333333333
42.58408163265306,19.6,834.6479999999999,80941.456,0.9997603780276236,80941.45599999999,0.0850657958318229,834.648
86.23,6.214285714285714,535.8578571428571,46077.63285714285,0.9998667023904261,46077.63285714285,0.10256237084619328,535.8578571428571
18.840384615384615,7.428571428571429,139.95714285714286,7130.528571428571,0.9989792793712362,7130.528571428572,0.13244704619904993,139.95714285714286
222.0692,12.5,2775.865,66608.76,0.9998198759665906,66608.76,0.3448745947952076,2775.865
69.67954545454546,13.2,919.7700000000001,59772.05,0.9997825543342357,59772.05,0.1277812356245754,919.7700000000001
96.05290322580645,4.894736842105263,470.1536842105263,43249.296842105265,0.9998880545219256,43249.296842105265,0.09782256567853435,470.15368421052625
49.25632911392405,4.388888888888889,216.18055555555554,16857.75,0.9997430131705749,16857.75,0.10463905976906097,216.1805555555556
71.92851851851852,2.7,194.207,10290.321,0.9997425427507762,10290.321,0.1530492013717724,194.207
43.0365,5.882352941176471,253.15588235294115,25056.608823529412,0.9997676390970456,25056.608823529412,0.08367218778832392,253.15588235294118
110.65653846153845,6.5,719.2674999999999,55377.180833333325,0.9998841413892141,55377.180833333325,0.11619410234389625,719.2674999999999
21.016868686868687,6.6,138.71133333333333,13587.177333333333,0.9995193855825288,13587.177333333333,0.07717621450719148,138.71133333333333
105.09237499999999,16.0,1681.4779999999998,132820.962,0.999881057022453,132820.962,0.11296082949965605,1681.4779999999998
134.49894736842106,3.1666666666666665,425.91333333333336,7663.44,0.9996086840828338,7663.44,0.4129471237852956,425.9133333333333
75.7858695652174,9.2,697.23,31366.35,0.9997131506102721,31366.35,0.17731637509595938,697.23
11.801369863013699,14.6,172.3,12391.2,0.9988392338943701,12391.2,0.0925845898077806,172.3
22.380344827586207,3.2222222222222223,72.11444444444444,2016.0933333333332,0.9984592391723034,2016.0933333333332,0.2232923772619734,72.11444444444444
273.6608,2.0833333333333335,570.1266666666667,13681.04,0.9998538336510017,13681.04,0.3532306083260447,570.1266666666667
137.94149253731342,6.7,924.208,60991.128000000004,0.9998917992486539,60991.128000000004,0.13629137682877288,924.208
68.24479452054794,7.3,498.187,35862.264,0.9997992721608553,35862.264,0.11662411782936295,498.18699999999995
143.34796610169494,3.1052631578947367,445.1331578947369,25814.670526315796,0.999881762169333,25814.670526315793,0.153268007589764,445.1331578947369
103.36545454545455,4.052631578947368,418.9021052631579,31832.56,0.9998743582849403,31832.56,0.11665034068572287,418.9021052631579
113.24271186440677,8.428571428571429,954.4742857142857,55351.22285714286,0.9998503289769088,55351.22285714286,0.14927238731864162,954.4742857142857
83.28673684210526,19.0,1582.4479999999999,148731.31199999998,0.9998736135405398,148731.31199999998,0.09448596006855649,1582.4479999999999
71.73556701030928,5.388888888888889,386.57500000000005,37105.86666666667,0.9998562877693705,37105.86666666667,0.09121337789956349,386.57500000000005
144.86607142857142,14.0,2028.125,54745.875,0.999753466872111,54745.875,0.29671479215901425,2028.1249999999998
16.25075471698113,3.1176470588235294,50.66411764705882,2631.475294117647,0.9988389508760116,2631.475294117647,0.12751757104474132,50.66411764705882
51.7013953488372,10.75,555.79,23332.68,0.9995501898198961,23332.68,0.1792252299112314,555.79
97.48365853658537,6.3076923076923075,614.896923076923,49800.42,0.9998749008589307,49800.42,0.1095902927618029,614.896923076923
59.55813953488372,2.15,128.05,5376.0,0.9996095275283092,5376.0,0.18251518805115177,128.04999999999998
212.33595744680852,23.5,4989.895,229512.17,0.9998997974907287,229512.17,0.19592164525531813,4989.895
71.87092783505155,6.466666666666667,464.76533333333333,44611.072,0.9998565584352246,44611.072,0.09123281257533913,464.76533333333333
172.33928571428572,2.8,482.55,13026.15,0.9997927675888508,13026.15,0.30291677269097106,482.55
80.96225352112675,23.666666666666668,1916.1066666666666,134104.13333333333,0.9998260361288167,134104.13333333333,0.12192482981953857,1916.1066666666666
77.83088607594937,4.647058823529412,361.68470588235294,28206.81882352941,0.9998373624085978,28206.818823529415,0.1104302050396775,361.68470588235294
74.0104347826087,2.875,212.78,4678.41,0.9994125387724411,4678.41,0.3234652308594807,212.78
209.58676470588236,1.7,356.2975,11756.1675,0.9998596678337625,11756.1675,0.26092642145829664,356.2975
35.36557142857143,3.5,123.77950000000001,8537.335500000001,0.9995960558897073,8537.335500000001,0.11163191472046088,123.7795
207.78190476190477,2.210526315789474,459.3073684210526,18829.444210526315,0.9998854109849613,18829.444210526315,0.2160513955497375,459.3073684210527
28.228507462686565,4.1875,118.206875,7797.52875,0.999471265947941,7797.5287499999995,0.1126123132783419,118.206875
10.408181818181818,13.75,143.1125,7714.575000000001,0.9982531225434537,7714.575000000001,0.11545318900672402,143.1125
111.06277777777778,18.0,1999.13,105936.22333333334,0.9998332608017821,105936.22333333334,0.16109406765870826,1999.13
129.23890625,8.0,1033.91125,65128.53375000001,0.9998790998743847,65128.53375000001,0.14094602752098417,1033.91125
43.254615384615384,3.25,140.57750000000001,8993.76,0.9996443243050986,8993.76,0.12217678787192515,140.5775
117.75179487179487,7.090909090909091,834.9672727272726,64285.47999999999,0.9998911225698558,64285.47999999999,0.11699086926336555,834.9672727272728
126.70949999999999,8.571428571428571,1086.0814285714284,64070.375714285714,0.9998684655320503,64070.375714285714,0.14893736045011108,1086.0814285714284
15.061276595744681,2.473684210526316,37.25684210526316,1711.3936842105263,0.9985873311860767,1711.3936842105263,0.13962286357027626,37.25684210526316
65.56897727272727,14.666666666666666,961.6783333333333,83651.515,0.9998266918772215,83651.515,0.09841408512664009,961.6783333333332
73.31628205128206,26.0,1906.2233333333334,146753.53,0.9998251341658111,146753.53,0.11091655820326853,1906.2233333333336
116.91611111111109,3.0,350.7483333333333,5959.888333333332,0.9995248254921623,5959.888333333332,0.42510157980426866,350.7483333333333
49.46362318840579,7.666666666666667,379.2211111111111,25779.48,0.9997070017784992,25779.479999999996,0.11790353650621425,379.2211111111111
52.70409090909091,14.666666666666666,772.9933333333333,67235.92,0.9997843879636739,67235.92,0.09593215787921835,772.9933333333333
226.25571428571428,1.75,395.9475,2374.185,0.9993686031607728,2374.185,1.052510855403979,395.9475
20.053953488372095,6.142857142857143,123.18857142857144,10464.957142857142,0.9994201688468317,10464.957142857142,0.0866601582794572,123.18857142857145
321.2858333333333,1.7142857142857142,550.7757142857142,6056.961428571429,0.9997406255592762,6056.961428571428,0.6881031519355822,550.7757142857142
120.96516129032258,12.4,1499.968,91485.848,0.9998666638221615,91485.848,0.14391349945102433,1499.968
91.54846153846154,8.272727272727273,757.3554545454546,68153.8090909091,0.9998799650938491,68153.8090909091,0.09920580189990887,757.3554545454546
70.21906249999999,7.384615384615385,518.5407692307692,49254.06538461538,0.9998516547174543,49254.06538461538,0.09183300011689394,518.5407692307692
330.3262962962963,6.75,2229.7025,57965.765,0.9998878774186243,57965.765,0.3368858447630615,2229.7025
136.5074647887324,5.461538461538462,745.5407692307692,52182.46923076924,0.9998968224407065,52182.46923076924,0.12928252362349277,745.5407692307692
45.971034482758625,2.230769230769231,102.55076923076923,2869.2676923076924,0.9992499024873234,2869.2676923076924,0.24811404630976502,102.55076923076925
13.631363636363636,22.0,299.89,19471.183333333334,0.9988884813320439,19471.18333333333,0.1030610307487725,299.89
229.09514285714286,1.8421052631578947,422.01736842105265,14346.801052631577,0.999875285751522,14346.801052631577,0.25684244142146767,422.01736842105265
27.030533333333334,25.0,675.7633333333333,49981.82,0.9995067306601423,49981.82,0.10152606939723888,675.7633333333333
110.4145,8.88888888888889,981.4622222222222,77526.73777777777,0.9998867902313554,77526.73777777777,0.1135783512559021,981.4622222222223
149.1547619047619,31.5,4698.375,291268.25,0.9998935802272062,291268.25,0.1452082406951392,4698.375
79.36268292682927,2.9285714285714284,232.4192857142857,9293.914285714285,0.9996926736470725,9293.914285714285,0.19725854478417512,232.41928571428568
159.3274074074074,6.0,955.9644444444444,50660.22666666666,0.9998837706655758,50660.22666666667,0.16777676477207887,955.9644444444444
85.83619718309859,5.071428571428571,435.3121428571429,30466.850000000002,0.9998359141305828,30466.85,0.12274817849521652,435.3121428571428
158.48,4.5,713.16,24956.225,0.9998247237646531,24956.225,0.240254092801289,713.16
59.81237113402062,24.25,1450.45,139219.2,0.9998276396980246,139219.2,0.0893394174558258,1450.45
77.84725,4.0,311.389,24595.781,0.999839429138473,24595.781,0.1092096900998536,311.389
86.63586206896552,2.0714285714285716,179.46,5022.88,0.999601980544809,5022.88,0.26996585074086793,179.46000000000004
63.47287878787879,7.333333333333333,465.46777777777777,30248.183333333334,0.999761291508423,30248.183333333334,0.12636768865131448,465.46777777777777
81.47390804597701,4.578947368421052,373.0647368421052,32079.041052631575,0.9998589210564555,32079.041052631575,0.10191024070078604,373.0647368421052
130.4504054054054,9.25,1206.66625,88077.51125,0.9998964088040085,88077.51125,0.1239872731422651,1206.66625
31.915106382978724,11.75,375.0025,17238.615,0.9993333377777481,17238.615,0.15560057561137758,375.0025
67.64842696629213,8.9,602.071,52973.448,0.9998339066322742,52973.448,0.09778607271402028,602.071
223.75725000000003,4.444444444444445,994.4766666666668,38780.256666666675,0.9998882717766685,38780.256666666675,0.22748603032446488,994.4766666666668
70.02465517241379,2.9,203.0715,11572.2255,0.9997537813036295,11572.225499999999,0.1432636277125998,203.0715
73.12948051948052,25.666666666666668,1876.99,142625.90666666665,0.9998224107036621,142625.90666666668,0.11215632464402495,1876.9900000000002
312.00307692307695,2.0,624.0061538461539,15598.23076923077,0.9998767270539738,15598.23076923077,0.3461965226044337,624.0061538461539
33.584210526315786,19.0,638.1,59962.6,0.9996865695032128,59962.6,0.0849256097190358,638.0999999999999
181.7612121212121,8.25,1499.53,47976.96,0.999833281094743,47976.96,0.26361216259932463,1499.53
79.32260869565218,11.5,912.21,20057.620000000003,0.9994518805976694,20057.620000000003,0.326479017708073,912.21
51.263297872340424,5.875,301.171875,28003.171875,0.9997924773022049,28003.171875,0.09021563656714511,301.171875
23.261794871794873,39.0,907.21,69816.67,0.9994488596907,69816.67,0.09619898892820987,907.21
49.776808510638304,9.4,467.90200000000004,43505.585999999996,0.9997862800329985,43505.586,0.08990259537526267,467.9020000000001
60.141940298507464,11.166666666666666,671.585,44313.61000000001,0.9997518308677731,44313.61000000001,0.12390149342476073,671.5849999999999
45.26103092783505,4.85,219.516,21068.735999999997,0.9997722261703018,21068.735999999997,0.08646554016856858,219.516
44.888392857142854,8.0,359.10714285714283,19743.035714285714,0.9996021879661863,19743.035714285714,0.13981305251940826,359.10714285714283
30.107340425531916,23.5,707.5225,65776.3425,0.9996466543466815,65776.3425,0.08455387013033774,707.5225
49.4568,16.666666666666668,824.2800000000001,40373.386666666665,0.9995956066708724,40373.386666666665,0.156262451333638,824.2800000000001
93.49415584415584,6.416666666666667,599.9208333333333,45587.65,0.9998610927830757,45587.65,0.11534680976434114,599.9208333333333
12.565000000000001,10.0,125.65,9916.475,0.9990051730998806,9916.475,0.08641177257086796,125.65
103.76345454545454,27.5,2853.495,154061.73,0.9998247762831195,154061.72999999998,0.15726267306001954,2853.495
15.53421052631579,6.333333333333333,98.38333333333334,5503.2444444444445,0.9988706307527245,5503.2444444444445,0.1190543156202598,98.38333333333334
37.02783505154639,8.083333333333334,299.30833333333334,28725.599999999995,0.9997215803101595,28725.599999999995,0.08439567945364158,299.30833333333334
55.16422222222222,4.090909090909091,225.67181818181817,9925.56,0.9995971624120304,9925.56,0.17371060188369786,225.67181818181817
80.91905405405406,24.666666666666668,1996.0033333333333,145683.91,0.9998329996108891,145683.91,0.11753397858844329,1996.0033333333336
387.2733333333333,12.0,4647.28,106875.94,0.9998924101840215,106875.93999999999,0.3807160234065414,4647.28
176.28146341463415,8.2,1445.508,57812.31999999999,0.9998616403368227,57812.31999999999,0.2167232684949352,1445.5079999999998
183.28261904761905,4.2,769.787,31557.166999999998,0.9998700939350759,31557.166999999998,0.21306426062375827,769.787
264.30111111111114,2.5714285714285716,679.6314285714286,23784.600000000002,0.9998949010177783,23784.600000000002,0.2544613323342911,679.6314285714287
172.3918918918919,7.4,1275.7,45918.0,0.9998432233283687,45918.0,0.23677535781022555,1275.7
107.78777777777778,13.5,1455.135,77108.905,0.999828194634862,77108.905,0.16053978370234287,1455.135
62.468969072164946,5.105263157894737,318.92052631578946,30611.317894736843,0.9998349696096537,30611.317894736843,0.08978743213511339,318.92052631578946
142.17163934426227,20.333333333333332,2890.8233333333333,173429.4,0.999884692596227,173429.4,0.14865424458406187,2890.823333333333
103.7678947368421,3.8,394.318,14586.066,0.9997463975775895,14586.066,0.21788796798304164,394.3179999999999
156.36921568627452,6.375,996.85375,49836.4375,0.9998746054774834,49836.4375,0.17615775707473377,996.85375
327.91700000000003,6.666666666666667,2186.1133333333332,41529.82,0.9998475223913368,41529.82,0.43942464005677007,2186.1133333333337
56.65927272727273,4.230769230769231,239.71230769230772,12940.31076923077,0.9996791025139109,12940.31076923077,0.1462616153421414,239.7123076923077
38.91446428571429,3.7333333333333334,145.28066666666666,7986.77,0.9995411181116092,7986.77,0.13726281615686795,145.2806666666667
108.16753846153847,4.333333333333333,468.726,29994.197333333334,0.999857770495627,29994.197333333334,0.13627797810886255,468.726
98.98186440677966,3.6875,364.995625,21166.12125,0.9998287650708143,21166.12125,0.1469910862618486,364.995625
57.54061224489796,2.7222222222222223,156.63833333333332,7515.973333333332,0.9996453259277387,7515.973333333332,0.16212880196964904,156.63833333333332
338.5069230769231,2.6,880.118,10559.016,0.9997727577438479,10559.016,0.6453456847558509,880.118
76.39505747126437,5.8,443.09133333333335,38100.12133333333,0.9998495419304072,38100.12133333333,0.10117041517183784,443.0913333333333
20.59318181818182,8.25,169.89375,11034.96875,0.9992642460361255,11034.96875,0.10931234520206332,169.89375
101.87372093023255,2.15,219.02849999999998,9197.097,0.9997717192054917,9197.097,0.1949984681834816,219.02849999999998
222.39894736842106,6.333333333333333,1408.5266666666666,25347.48,0.9997633460968671,25347.48,0.43941641097242135,1408.5266666666666
288.0394736842105,1.9,547.275,9849.15,0.9998172765063269,9849.15,0.4530282374375705,547.275
150.51285714285714,2.1875,329.246875,11192.26875,0.9998101728376313,11192.26875,0.24483990204428843,329.246875
89.08309523809524,2.1,187.0745,7668.0045,0.9997327268013544,7668.0045,0.19588664778076184,187.0745
206.81243243243244,3.3636363636363638,695.6418181818182,25039.83272727273,0.9998693162364122,25039.83272727273,0.2416954100436946,695.6418181818183
21.29361111111111,4.0,85.17444444444445,2977.2166666666667,0.9986954876919263,2977.2166666666667,0.1844979449539717,85.17444444444445
125.34029411764705,3.090909090909091,387.4154545454545,12781.71,0.9997653446969075,12781.71,0.2458056739990728,387.4154545454545
258.99454545454546,3.6666666666666665,949.6466666666666,9493.133333333333,0.9996489922567693,9493.133333333333,0.7231547522050076,949.6466666666666
19.428602150537632,4.894736842105263,95.0978947368421,8744.164210526316,0.9994465536898267,8744.164210526316,0.08063812700118728,95.0978947368421
197.66510638297873,15.666666666666666,3096.7533333333336,142435.32,0.9998923603860387,142435.32,0.19439833656381145,3096.7533333333336
192.58552631578948,2.375,457.390625,16921.140625,0.9998633553103539,16921.140625,0.23416122387723867,457.390625
61.003409090909095,4.888888888888889,298.2388888888889,12819.494444444445,0.9996274425795876,12819.494444444445,0.17943453143786778,298.23888888888894
91.40423076923078,3.25,297.06375,7423.468750000001,0.9995792148991589,7423.468750000001,0.2989764732274587,297.06375
80.7582,2.6315789473684212,212.52157894736843,10410.978421052632,0.9997523471300745,10410.978421052632,0.16606965020725759,212.52157894736845
148.97943396226415,5.3,789.591,41053.532,0.9998733521532033,41053.532,0.1693226449598503,789.591
97.01851063829787,5.529411764705882,536.4552941176471,49884.87176470588,0.999890347751142,49884.87176470588,0.09700209121159642,536.455294117647
51.046176470588236,3.7777777777777777,192.8411111111111,6360.09,0.9994238204163474,6360.09,0.2193850343731199,192.8411111111111
208.5032608695652,4.6,959.115,43155.675,0.9998957372160793,43155.675,0.19931730602756165,959.1149999999998
64.88728260869566,9.2,596.963,54314.532999999996,0.9998324854304204,54314.532999999996,0.09450478508605009,596.963
92.59358024691358,5.4,500.00533333333334,39995.09333333334,0.9998666680888738,39995.09333333334,0.11015640698931087,500.00533333333334
71.4104347826087,4.6,328.488,7222.336,0.9993911497528066,7222.336,0.32191035739179025,328.488
57.37357142857143,12.0,688.4828571428571,57132.219999999994,0.9997925044300303,57132.22000000001,0.10095714961982874,688.4828571428571
135.9450724637681,4.928571428571429,670.015,45556.16285714285,0.999893392578631,45556.16285714285,0.13255590477984586,670.015
373.74559999999997,12.5,4671.82,112111.68,0.9998929753286728,112111.68,0.365698047077142,4671.82
149.17560606060607,6.6,984.559,63989.835,0.9998984316836268,63989.835,0.13931483209356785,984.559
162.6530769230769,1.625,264.31125,6606.21875,0.9997635363610139,6606.218749999999,0.32114292723888044,264.31125
139.12628571428573,14.0,1947.768,134382.19199999998,0.9998973183664583,134382.19199999998,0.13119824704335412,1947.7680000000003
87.0160465116279,21.5,1870.845,78554.49,0.9997327410875835,78554.49,0.1913323874419321,1870.845
83.43194444444445,3.272727272727273,273.05,9553.568181818182,0.9996670606449034,9553.568181818182,0.2224319500387926,273.05000000000007
47.53367647058823,8.5,404.03625,27062.05375,0.9996906218192055,27062.05375,0.11883744328438922,404.03625
56.15567567567568,7.4,415.552,14952.672000000002,0.9995187124595719,14952.672000000002,0.2064606937654087,415.5520000000001
86.19811594202899,34.5,2973.835,202186.78,0.9998318669327653,202186.78,0.12595296848126136,2973.835
255.34526315789475,4.75,1212.89,44872.305,0.9998969403655732,44872.305,0.24158428321731326,1212.89
145.19323529411764,4.857142857142857,705.2242857142857,47245.241428571426,0.9998987150997554,47245.241428571426,0.13525842967055912,705.2242857142857
147.12676923076924,9.285714285714286,1366.1771428571428,87426.19428571429,0.9998954329285891,87426.19428571429,0.14101049016556297,1366.177142857143
269.8645714285714,2.0588235294117645,555.6035294117647,18888.52,0.999894126789522,18888.52,0.26152195163854886,555.6035294117646
196.504693877551,4.9,962.8729999999999,46213.104,0.9998961441436202,46213.104,0.18719401258269802,962.873
31.175,4.545454545454546,141.70454545454547,6939.068181818182,0.9993584603047314,6939.068181818182,0.14703278993988492,141.70454545454547
97.41130434782609,3.066666666666667,298.728,13439.76,0.9997768315435225,13439.76,0.18277355785802166,298.728
86.07793103448276,3.2222222222222223,277.3622222222223,15806.480000000001,0.9997997003517263,15806.480000000001,0.14682234605674066,277.3622222222222
128.92612244897958,8.166666666666666,1052.8966666666668,50531.04,0.9998417065302388,50531.04,0.17859305804543643,1052.8966666666665
63.6812987012987,11.0,700.4942857142858,53226.70857142857,0.9997960623722841,53226.70857142857,0.11035969295273428,700.4942857142858
232.86785714285716,3.111111111111111,724.4777777777778,19557.9,0.9998466328236432,19557.9,0.3136669880761466,724.4777777777779
81.38483516483517,30.333333333333332,2468.6733333333336,222150.6,0.9998649747097632,222150.6,0.09791262046135175,2468.673333333333
36.33633333333333,10.0,363.3633333333333,10527.87,0.9990826445522847,10527.869999999999,0.23313385135406375,363.3633333333333
40.67296703296703,9.1,370.12399999999997,33302.159999999996,0.999729820276448,33302.159999999996,0.0902903645892551,370.12399999999997
10.097857142857142,3.888888888888889,39.269444444444446,2705.758333333333,0.9985852726886892,2705.758333333333,0.0937259782759006,39.269444444444446
121.64375,4.0,486.575,15079.95,0.9997431022966655,15079.949999999999,0.25833851855651485,486.575
80.76959183673469,3.0625,247.356875,11870.13,0.9997473286319615,11870.130000000001,0.16904940518673958,247.356875
